1.92968940734863,122.114151000977,0,0,269.637451171875,360
1.92336177825928,121.11417388916,0,0,269.637451171875,360
1.91703462600708,120.114196777344,0,0,269.637451171875,360
1.90539216995239,118.274230957031,0,0,269.637451171875,360
1.90539216995239,118.274230957031,0,0,269.637451171875,360
1.8990650177002,117.27424621582,0,0,269.637451171875,360
1.89273738861084,116.274269104004,0,0,269.637451171875,360
1.88641023635864,115.274291992188,0,0,269.637451171875,360
1.88008260726929,114.274307250977,0,0,269.637451171875,360
1.87375545501709,113.27433013916,0,0,269.637451171875,360
1.86742782592773,112.274353027344,0,0,269.637451171875,360
1.86110067367554,111.274368286133,0,0,269.637451171875,360
1.85477304458618,110.274391174316,0,0,269.637451171875,360
1.84844589233398,109.274406433105,0,0,269.637451171875,360
1.84211826324463,108.274429321289,0,0,269.637451171875,360
1.83579111099243,107.274444580078,0,0,269.637451171875,360
1.82946348190308,106.274475097656,0,0,269.637451171875,360
1.82313632965088,105.274490356445,0,0,269.637451171875,360
1.81680870056152,104.274505615234,0,0,269.637451171875,360
1.81048154830933,103.274528503418,0,0,269.637451171875,360
1.80415391921997,102.274551391602,0,0,269.637451171875,360
1.79782676696777,101.274566650391,0,0,269.637451171875,360
1.79149913787842,100.274589538574,0,0,269.637451171875,360
1.78517198562622,99.2746124267578,0,0,269.637451171875,360
1.77884435653687,98.2746276855469,0,0,269.637451171875,360
1.77251720428467,97.2746505737305,0,0,269.637451171875,360
1.76618957519531,96.2746734619141,0,0,269.637451171875,360
1.75986242294312,95.2746887207031,0,0,269.637451171875,360
1.75353479385376,94.2747116088867,0,0,269.637451171875,360
1.74720764160156,93.2747344970703,0,0,269.637451171875,360
1.74088001251221,92.2747497558594,0,0,269.637451171875,360
1.73455286026001,91.2747650146484,0,0,269.637451171875,360
1.72822523117065,90.2747955322266,0,0,269.637451171875,360
1.72189807891846,89.2748107910156,0,0,269.637451171875,360
1.7155704498291,88.2748260498047,0,0,269.637451171875,360
1.7092432975769,87.2748489379883,0,0,269.637451171875,360
1.70291614532471,86.2748718261719,0,0,269.637451171875,360
1.69658851623535,85.2748870849609,0,0,269.637451171875,360
1.690260887146,84.2749099731445,0,0,269.637451171875,360
1.6839337348938,83.2749328613281,0,0,269.637451171875,360
1.6776065826416,82.2749481201172,0,0,269.637451171875,360
1.67127895355225,81.2749710083008,0,0,269.637451171875,360
1.66495132446289,80.2749938964844,0,0,269.637451171875,360
1.65862417221069,79.2750091552734,0,0,269.637451171875,360
1.6522970199585,78.2750244140625,0,0,269.637451171875,360
1.64596939086914,77.2750549316406,0,0,269.637451171875,360
1.63964176177979,76.2750701904297,0,0,269.637451171875,360
1.63331460952759,75.2750854492188,0,0,269.637451171875,360
1.62698745727539,74.2751083374023,0,0,269.637451171875,360
1.62065982818604,73.2751312255859,0,0,269.637451171875,360
1.61433267593384,72.275146484375,0,0,269.637451171875,360
1.60800504684448,71.2751693725586,0,0,269.637451171875,360
1.60167789459229,70.2751922607422,0,0,269.637451171875,360
1.59535026550293,69.2752075195313,0,0,269.637451171875,360
1.58902311325073,68.2752304077148,0,0,269.637451171875,360
1.58269548416138,67.2752532958984,0,0,269.637451171875,360
1.57636833190918,66.2752685546875,0,0,269.637451171875,360
1.57004070281982,65.2752914428711,0,0,269.637451171875,360
1.56371355056763,64.2753143310547,0,0,269.637451171875,360
1.55738592147827,63.2753295898438,0,0,269.637451171875,360
1.55105876922607,62.2753524780273,0,0,269.637451171875,360
1.54473114013672,61.2753677368164,0,0,269.637451171875,360
1.53840398788452,60.275390625,0,0,269.637451171875,360
1.53207635879517,59.2754096984863,0,0,269.637451171875,360
1.52574920654297,58.2754287719727,0,0,269.637451171875,360
1.51942157745361,57.2754516601563,0,0,269.637451171875,360
1.51309442520142,56.2754707336426,0,0,269.637451171875,360
1.50676679611206,55.2754898071289,0,0,269.637451171875,360
1.50043964385986,54.2755126953125,0,0,269.637451171875,360
1.49411201477051,53.2755317687988,0,0,269.637451171875,360
1.48778486251831,52.2755508422852,0,0,269.637451171875,360
1.48145723342896,51.2755699157715,0,0,269.637451171875,360
1.47513008117676,50.2755889892578,0,0,269.637451171875,360
1.4688024520874,49.2756118774414,0,0,269.637451171875,360
1.46247529983521,48.2756309509277,0,0,269.637451171875,360
1.45614767074585,47.2756500244141,0,0,269.637451171875,360
1.44982051849365,46.2756690979004,0,0,269.637451171875,360
1.4434928894043,45.275691986084,0,0,269.637451171875,360
1.43260955810547,43.555721282959,0,0,-90.3625183105469,360
1.43260955810547,43.555721282959,0,0,-90.3625183105469,360
1.41995692253113,41.5557670593262,0,0,-90.3625183105469,360
1.41995692253113,41.5557670593262,0,0,-90.3625183105469,360
1.4267692565918,40.5108489990234,0,0,-88.8904724121094,360
1.46042060852051,39.4664649963379,0,0,-87.4183959960937,360
1.52089190483093,38.4232788085937,0,0,-85.9463195800781,360
1.60814189910889,37.3819999694824,0,0,-84.4742431640625,360
1.72211527824402,36.3432998657227,0,0,-83.002197265625,360
1.86273312568665,35.3078689575195,0,0,-81.5301513671875,360
2.02989912033081,34.2763938903809,0,0,-80.0580749511719,360
2.22351765632629,33.2495536804199,0,0,-78.5859985351563,360
2.44344472885132,32.22802734375,0,0,-77.1139526367188,360
2.68954539299011,31.2124919891357,0,0,-75.6418914794922,360
2.96165204048157,30.2036094665527,0,0,-74.1698150634766,360
3.2505362033844,29.2217102050781,0,0,-73.3997344970703,360
3.53622841835022,28.2633895874023,0,0,-73.3997344970703,360
3.83683633804321,27.2722415924072,0,0,-72.2290344238281,360
4.19004917144775,26.2513999938965,0,0,-69.5995178222656,360
4.58972263336182,25.2478408813477,0,0,-66.9700164794922,360
5.03501701354981,24.263671875,0,0,-64.3404998779297,360
5.52499389648438,23.3009700775146,0,0,-61.7109832763672,360
6.05862092971802,22.361759185791,0,0,-59.0814666748047,360
6.63477516174316,21.4480228424072,0,0,-56.4519500732422,360
7.25224161148071,20.5616760253906,0,0,-53.8224487304688,360
7.90972328186035,19.70458984375,0,0,-51.1929321289063,360
8.60583114624023,18.8785743713379,0,0,-48.5634307861328,360
9.33910274505615,18.0853595733643,0,0,-45.9339141845703,360
10.1079940795898,17.3266258239746,0,0,-43.3043975830078,360
11.5187664031982,16.099048614502,0,0,-38.7509307861328,360
11.5187664031982,16.099048614502,0,0,-38.7509307861328,360
12.9044752120972,14.8725166320801,0,0,-44.2750701904297,0
12.9044752120972,14.8725166320801,0,0,-44.2750701904297,0
13.5970087051392,14.1821584701538,0,0,-45,0
14.2565574645996,13.5082197189331,0,0,-46.8652458190918,0
15.4160327911377,12.1491317749023,0,0,-52.1979446411133,0
15.4160327911377,12.1491327285767,0,0,-52.1979446411133,0
15.9602794647217,11.4118671417236,0,0,-54.9326591491699,0
16.4687309265137,10.6494770050049,0,0,-57.6673812866211,0
16.9402275085449,9.86369514465332,0,0,-60.402099609375,0
17.3736972808838,9.05631160736084,0,0,-63.1368103027344,0
17.7681503295898,8.22916793823242,0,0,-65.8715286254883,0
18.1226921081543,7.38414478302002,0,0,-68.6062469482422,0
18.4365100860596,6.5231671333313,0,0,-71.3409652709961,0
18.7088928222656,5.64819812774658,0,0,-74.0756759643555,0
18.9392185211182,4.76122999191284,0,0,-76.8103942871094,0
19.1269645690918,3.86428308486938,0,0,-79.5451126098633,0
19.2717018127441,2.95939922332764,0,0,-82.2798385620117,0
19.3731002807617,2.04864048957825,0,0,-85.0145492553711,0
19.4451599121094,0.529402256011963,0,0,-89.5541763305664,0
19.4451599121094,0.529402256011963,0,0,-89.5541763305664,0
21.8420295715332,-6.61236667633057,0,0,-107.939743041992,0
21.8420295715332,-6.61236667633057,0,0,-107.939743041992,0
21.483814239502,-7.63485908508301,0,0,-110.674453735352,0
21.0772247314453,-8.63909721374512,0,0,-113.409172058105,0
20.6231822967529,-9.62279033660889,0,0,-116.143890380859,0
20.1227245330811,-10.5837020874023,0,0,-118.878601074219,0
19.5769882202148,-11.5196399688721,0,0,-121.613327026367,0
18.9872207641602,-12.4284753799438,0,0,-124.348037719727,0
18.3547611236572,-13.3081359863281,0,0,-127.08275604248,0
17.6810512542725,-14.1566200256348,0,0,-129.817474365234,0
16.9676265716553,-14.9719924926758,0,0,-132.552185058594,0
16.2635364532471,-15.7196865081787,0,0,-133.427581787109,0
15.5760974884033,-16.445930480957,0,0,-133.427581787109,0
14.9369373321533,-17.1405849456787,0,0,-131.594528198242,0
14.327564239502,-17.8524322509766,0,0,-129.535186767578,0
13.7441663742065,-18.5857200622559,0,0,-127.475830078125,0
13.1874961853027,-19.3394966125488,0,0,-125.416488647461,0
12.6582717895508,-20.11279296875,0,0,-123.357147216797,0
12.1571769714355,-20.9046039581299,0,0,-121.297790527344,0
11.6848583221436,-21.7139129638672,0,0,-119.238441467285,0
11.2419281005859,-22.5396690368652,0,0,-117.179100036621,0
10.8289585113525,-23.3808135986328,0,0,-115.119758605957,0
10.4464778900147,-24.2362480163574,0,0,-113.060401916504,0
10.0949878692627,-25.1048774719238,0,0,-111.00106048584,0
9.77493762969971,-25.9855785369873,0,0,-108.941711425781,0
9.486741065979,-26.8772087097168,0,0,-106.882362365723,0
9.23077201843262,-27.778621673584,0,0,-104.823013305664,0
8.81418895721436,-29.5451965332031,0,0,257.800140380859,360
8.81418895721436,-29.5451965332031,0,0,257.800140380859,360
8.61758136749268,-30.494535446167,0,0,258.798797607422,360
8.39681243896484,-31.6762447357178,0,0,-99.9628601074219,360
8.39681243896484,-31.6762447357178,0,0,-99.9628601074219,360
8.23741054534912,-32.6325378417969,0,0,-98.9642333984375,360
8.09469890594482,-33.5914649963379,0,0,-97.965576171875,360
7.96872234344482,-34.5527305603027,0,0,-96.9669189453125,360
7.8595175743103,-35.5160446166992,0,0,-95.96826171875,360
7.76711845397949,-36.4811210632324,0,0,-94.9696044921875,360
7.69155359268189,-37.4476547241211,0,0,-93.970947265625,360
7.6328501701355,-38.4153633117676,0,0,-92.9722900390625,360
7.5910177230835,-39.3839416503906,0,0,-91.9736328125,360
7.56607246398926,-40.3531112670899,0,0,-90.9750061035156,360
7.55802536010742,-41.3225631713867,0,0,-89.9763488769531,360
7.57884979248047,-42.8299255371094,0,0,-88.58642578125,360
7.57884979248047,-42.8299255371094,0,0,-88.58642578125,360
7.62818622589111,-44.8293113708496,0,0,-88.5864562988281,0
7.62818622589111,-44.8293113708496,0,0,-88.5864562988281,0
7.65285444259644,-45.8290061950684,0,0,-88.5864562988281,0
7.67752265930176,-46.8287010192871,0,0,-88.5864562988281,0
7.70219135284424,-47.8283996582031,0,0,-88.5864562988281,0
7.72686004638672,-48.8280944824219,0,0,-88.5864562988281,0
7.75152826309204,-49.8277893066406,0,0,-88.5864562988281,0
7.77619647979736,-50.8274841308594,0,0,-88.5864562988281,0
7.80086517333984,-51.8271827697754,0,0,-88.5864562988281,0
7.82553339004517,-52.8268775939941,0,0,-88.5864562988281,0
7.85020160675049,-53.8265724182129,0,0,-88.5864562988281,0
7.87487030029297,-54.8262672424316,0,0,-88.5864562988281,0
7.89953899383545,-55.8259620666504,0,0,-88.5864562988281,0
7.92420721054077,-56.8256607055664,0,0,-88.5864562988281,0
7.94887542724609,-57.8253555297852,0,0,-88.5864562988281,0
7.97354412078857,-58.8250503540039,0,0,-88.5864562988281,0
7.9982123374939,-59.8247489929199,0,0,-88.5864562988281,0
8.02288055419922,-60.8244438171387,0,0,-88.5864562988281,0
8.0475492477417,-61.8241386413574,0,0,-88.5864562988281,0
8.07221794128418,-62.8238334655762,0,0,-88.5864562988281,0
8.09688568115234,-63.8235282897949,0,0,-88.5864562988281,0
8.12155437469482,-64.8232192993164,0,0,-88.5864562988281,0
8.14622306823731,-65.8229217529297,0,0,-88.5864562988281,0
8.17089080810547,-66.8226165771484,0,0,-88.5864562988281,0
8.19555950164795,-67.8223114013672,0,0,-88.5864562988281,0
8.22022819519043,-68.8220062255859,0,0,-88.5864562988281,0
8.24489688873291,-69.8217010498047,0,0,-88.5864562988281,0
8.26956558227539,-70.8213958740234,0,0,-88.5864562988281,0
8.29423332214356,-71.8210906982422,0,0,-88.5864562988281,0
8.31890201568604,-72.8207855224609,0,0,-88.5864562988281,0
8.34357070922852,-73.8204803466797,0,0,-88.5864562988281,0
8.36823844909668,-74.8201751708984,0,0,-88.5864562988281,0
8.39290714263916,-75.8198699951172,0,0,-88.5864562988281,0
8.41757583618164,-76.8195648193359,0,0,-88.5864562988281,0
8.44224357604981,-77.8192596435547,0,0,-88.5864562988281,0
8.46691226959229,-78.818962097168,0,0,-88.5864562988281,0
8.49158096313477,-79.8186569213867,0,0,-88.5864562988281,0
8.51624870300293,-80.8183517456055,0,0,-88.5864562988281,0
8.54091739654541,-81.8180465698242,0,0,-88.5864562988281,0
8.56558609008789,-82.8177490234375,0,0,-88.5864562988281,0
8.59025478363037,-83.8174438476563,0,0,-88.5864562988281,0
8.61492347717285,-84.817138671875,0,0,-88.5864562988281,0
8.63959121704102,-85.8168334960937,0,0,-88.5864562988281,0
8.6642599105835,-86.8165283203125,0,0,-88.5864562988281,0
8.68892860412598,-87.8162231445313,0,0,-88.5864562988281,0
8.71359634399414,-88.81591796875,0,0,-88.5864562988281,0
8.73826503753662,-89.8156127929687,0,0,-88.5864562988281,0
8.7629337310791,-90.8153076171875,0,0,-88.5864562988281,0
8.78760147094727,-91.8150024414063,0,0,-88.5864562988281,0
8.81227016448975,-92.814697265625,0,0,-88.5864562988281,0
8.83693885803223,-93.8143920898438,0,0,-88.5864562988281,0
8.86160659790039,-94.8140869140625,0,0,-88.5864562988281,0
8.88627624511719,-95.8137893676758,0,0,-88.5864562988281,0
8.91094398498535,-96.8134841918945,0,0,-88.5864562988281,0
8.93561267852783,-97.8131790161133,0,0,-88.5864562988281,0
8.96028137207031,-98.812873840332,0,0,-88.5864562988281,0
8.98494911193848,-99.8125686645508,0,0,-88.5864562988281,0
9.00961780548096,-100.812271118164,0,0,-88.5864562988281,0
9.03428649902344,-101.811965942383,0,0,-88.5864562988281,0
9.0589542388916,-102.811660766602,0,0,-88.5864562988281,0
9.08362293243408,-103.81135559082,0,0,-88.5864562988281,0
9.10829162597656,-104.811050415039,0,0,-88.5864562988281,0
9.13295936584473,-105.810745239258,0,0,-88.5864562988281,0
9.15762805938721,-106.810440063477,0,0,-88.5864562988281,0
9.18229675292969,-107.810134887695,0,0,-88.5864562988281,0
9.20696449279785,-108.809829711914,0,0,-88.5864562988281,0
9.23163414001465,-109.809524536133,0,0,-88.5864562988281,0
9.25630187988281,-110.809219360352,0,0,-88.5864562988281,0
9.28096961975098,-111.808921813965,0,0,-88.5864562988281,0
9.30563926696777,-112.808616638184,0,0,-88.5864562988281,0
9.33030700683594,-113.808311462402,0,0,-88.5864562988281,0
9.35497570037842,-114.808006286621,0,0,-88.5864562988281,0
9.3796443939209,-115.80770111084,0,0,-88.5864562988281,0
9.40431213378906,-116.807395935059,0,0,-88.5864562988281,0
9.42898082733154,-117.807090759277,0,0,-88.5864562988281,0
9.45364952087402,-118.806785583496,0,0,-88.5864562988281,0
9.47831726074219,-119.806480407715,0,0,-88.5864562988281,0
9.50298690795898,-120.806182861328,0,0,-88.5864562988281,0
9.52765464782715,-121.805877685547,0,0,-88.5864562988281,0
9.5752649307251,-123.735298156738,0,0,-448.586456298828,0
9.5752649307251,-123.735298156738,0,0,-448.586456298828,0
9.59993362426758,-124.734992980957,0,0,-448.586456298828,0
9.62460231781006,-125.734687805176,0,0,-448.586456298828,0
9.65740299224854,-126.65478515625,0,0,-85.9927368164063,0
9.75315189361572,-127.49829864502,0,0,-81.0550765991211,0
9.9211483001709,-128.330429077148,0,0,-76.1174240112305,0
10.1601438522339,-129.14501953125,-0.00020774769655,0,-71.1797561645508,-0.110844321548939
10.4683656692505,-129.936004638672,-0.006646212656051,0,-66.2420959472656,-0.626949369907379
10.84352684021,-130.697540283203,-0.022092409431934,0,-61.3044357299805,-1.14305436611176
11.2828416824341,-131.423950195313,-0.042855691164732,0,-56.3667716979981,-1.19196617603302
11.7828931808472,-132.109649658203,-0.063659429550171,0,-51.4208946228027,-1.19196617603302
12.3051614761353,-132.685302734375,-0.081147067248821,0,-44.145206451416,-0.563634872436523
12.8961248397827,-133.190155029297,-0.081917732954025,0,-36.8695182800293,0.475322723388672
13.5462684631348,-133.616104125977,-0.065345421433449,0,-29.5938320159912,1.20754969120026
14.2451219558716,-133.956298828125,-0.04426970332861,0,-22.3181476593018,1.20754969120026
14.9814300537109,-134.20524597168,-0.023193983361125,0,-15.042459487915,1.20754969120026
15.7433376312256,-134.358932495117,-0.002118264092132,0,-7.76677227020264,1.20754969120026
16.518575668335,-134.414901733398,0.018957454711199,0,-0.491085678339005,1.20754969120026
17.4662837982178,-134.397354125977,0.041550468653441,0,-358.772705078125,1.49281823635101
19.1364040374756,-134.361572265625,0.096472881734371,0,1.22726440429688,362.274688720703
19.1364040374756,-134.361572265625,0.096472881734371,0,1.22726440429688,362.274688720703
20.1361751556396,-134.340148925781,0.140258088707924,0,1.22726440429688,362.742736816406
21.1359462738037,-134.318740844727,0.19221219420433,0,1.22726440429688,363.210784912109
22.1357173919678,-134.297317504883,0.25233519077301,0,1.22726440429688,363.678802490234
23.1354885101318,-134.275894165039,0.32062703371048,0,1.22726440429688,364.146850585937
24.1352596282959,-134.254486083984,0.397087782621384,0,1.22726440429688,364.614898681641
25.1350269317627,-134.233062744141,0.481717437505722,0,1.22726440429688,365.082946777344
26.1347980499268,-134.211639404297,0.57451593875885,0,1.22726440429688,365.550994873047
27.1345691680908,-134.190231323242,0.675483345985413,0,1.22726440429688,366.019012451172
28.1343402862549,-134.168807983398,0.784619629383087,0,1.22726440429688,366.487060546875
29.1341114044189,-134.147384643555,0.901924788951874,0,1.22726440429688,366.955108642578
30.133882522583,-134.1259765625,1.02739882469177,0,1.22726440429688,367.423156738281
31.1336536407471,-134.104553222656,1.16104173660278,0,1.22726440429688,367.891204833984
32.1334190368652,-134.083129882813,1.30285358428955,0,1.22726440429688,368.359252929688
33.1331901550293,-134.061721801758,1.45283424854279,0,1.22726440429688,368.827270507813
34.1329612731934,-134.040298461914,1.61098384857178,0,1.22726440429688,369.295318603516
35.1327323913574,-134.01887512207,1.77730238437653,0,1.22726440429688,369.763366699219
36.1325035095215,-133.997467041016,1.95178973674774,0,1.22726440429688,370.231414794922
37.1322746276855,-133.976043701172,2.13444590568542,0,1.22726440429688,370.699462890625
38.1320457458496,-133.954620361328,2.32527112960815,0,1.22726440429688,371.16748046875
39.1318130493164,-133.933212280273,2.52426505088806,0,1.22726440429688,371.635528564453
40.1315841674805,-133.91178894043,2.73142790794373,0,1.22726440429688,372.103576660156
41.1313552856445,-133.890365600586,2.9463415145874,0,1.22726440429688,372.421844482422
42.1311264038086,-133.868957519531,3.16314363479614,0,1.22726440429688,372.421844482422
43.1308975219727,-133.847534179688,3.37994575500488,0,1.22726440429688,372.421844482422
44.1306686401367,-133.826110839844,3.59674787521362,0,1.22726440429688,372.421844482422
45.1304397583008,-133.804702758789,3.81355023384094,0,1.22726440429688,372.421844482422
46.1302108764648,-133.783279418945,4.0303521156311,0,1.22726440429688,372.421844482422
47.1299819946289,-133.761871337891,4.24715423583984,0,1.22726440429688,372.421844482422
48.129753112793,-133.740447998047,4.46395683288574,0,1.22726440429688,372.421844482422
49.1295204162598,-133.719024658203,4.68075895309448,0,1.22726440429688,372.421844482422
50.1292915344238,-133.697616577148,4.89756107330322,0,1.22726440429688,372.421844482422
51.1290626525879,-133.676193237305,5.11436319351196,0,1.22726440429688,372.421844482422
52.1288299560547,-133.654769897461,5.3311653137207,0,1.22726440429688,372.421844482422
53.1286010742187,-133.633361816406,5.54796743392944,0,1.22726440429688,372.421844482422
54.1283721923828,-133.611938476563,5.76476955413818,0,1.22726440429688,372.421844482422
55.1281433105469,-133.590515136719,5.98074817657471,0,1.22726440429688,372.175933837891
56.1279144287109,-133.569107055664,6.18766689300537,0,1.22726440429688,371.535217285156
57.127685546875,-133.54768371582,6.38340330123901,0,1.22726440429688,370.894500732422
58.1274566650391,-133.526260375977,6.56795692443848,0,1.22726440429688,370.253814697266
59.1272277832031,-133.504852294922,6.74132823944092,0,1.22726440429688,369.613098144531
60.1269989013672,-133.483428955078,6.90351724624634,0,1.22726440429688,368.972381591797
61.1267700195313,-133.462005615234,7.05452346801758,0,1.22726440429688,368.331665039062
62.1265411376953,-133.44059753418,7.1943473815918,0,1.22726440429688,367.690948486328
63.1263084411621,-133.419174194336,7.32298898696899,0,1.22726440429688,367.050262451172
64.1260833740234,-133.397750854492,7.44044780731201,0,1.22726440429688,366.409545898437
65.125846862793,-133.376342773438,7.54672431945801,0,1.22726440429688,365.768829345703
66.125617980957,-133.354919433594,7.64181804656982,0,1.22726440429688,365.128112792969
67.1253890991211,-133.33349609375,7.72572946548462,0,1.22726440429688,364.487426757813
68.1251602172852,-133.312088012695,7.79845857620239,0,1.22726440429688,363.846710205078
69.1249313354492,-133.290664672852,7.86000490188599,0,1.22726440429688,363.205993652344
70.7645568847656,-133.25553894043,7.93673324584961,0,1.22726440429688,362.155242919922
70.7645645141602,-133.25553894043,7.93673324584961,0,1.22726440429688,362.155242919922
71.7643356323242,-133.234115600586,7.96875810623169,0,1.22726440429688,361.514526367187
72.7640991210938,-133.212707519531,7.98960018157959,0,1.22726440429688,360.873809814453
73.8357467651367,-133.199844360352,8.0014066696167,0,-1.12396240234375,360.630126953125
75.0034332275391,-133.279891967773,8.0124044418335,0,-6.718994140625,360.630126953125
76.1577529907227,-133.473403930664,8.02342891693115,0,-12.3140258789063,360.697113037109
77.2877044677734,-133.778518676758,8.04879188537598,0,-17.9090576171875,362.209350585937
78.3825302124023,-134.1923828125,8.10054969787598,0,-23.5041046142578,363.721557617187
79.4317855834961,-134.710983276367,8.17492198944092,0,-29.0991363525391,364.424682617187
80.4254760742188,-135.32942199707,8.25214672088623,0,-34.6941680908203,364.424682617187
81.354133605957,-136.041793823242,8.32933712005615,0,-40.2892150878906,364.30859375
82.2089462280274,-136.841339111328,8.37499332427979,0,-45.8852233886719,360.923278808594
82.9817199707031,-137.720489501953,8.36156558990479,0,-51.4824523925781,357.537994384766
83.6650543212891,-138.670776367188,8.29719829559326,0,-57.0796813964844,355.93017578125
84.2524566650391,-139.683212280273,8.22616577148438,0,-62.6768798828125,355.93017578125
84.7383041381836,-140.748107910156,8.15513420104981,0,-68.2741088867188,355.93017578125
85.1179809570312,-141.855316162109,8.08410263061523,0,-73.8713073730469,355.93017578125
85.3878479003906,-142.994277954102,8.01307010650635,0,-79.4685363769531,355.93017578125
85.5453414916992,-144.154113769531,7.94203805923462,0,-85.0657348632813,355.93017578125
85.5992660522461,-145.242233276367,7.87009239196777,0,272.024108886719,355.557586669922
85.6345825195313,-146.241607666016,7.78098917007446,0,272.024108886719,354.231872558594
85.6733932495117,-147.339706420898,7.65640306472778,0,272.024108886719,352.775207519531
85.6733932495117,-147.339706420898,7.65640306472778,0,272.024108886719,352.775207519531
85.7087173461914,-148.339080810547,7.5192494392395,0,272.024108886719,351.728240966797
85.7440338134766,-149.338455200195,7.37487983703613,0,272.024108886719,351.728240966797
85.7793579101562,-150.337829589844,7.23051023483276,0,272.024108886719,351.728240966797
85.8146743774414,-151.337219238281,7.08614063262939,0,272.024108886719,351.728240966797
85.849983215332,-152.337509155273,6.94177103042603,0,271.99365234375,351.728240966797
85.8838882446289,-153.340423583984,6.79740142822266,0,271.879028320313,351.728240966797
85.9157943725586,-154.34342956543,6.65303182601929,0,271.764465332031,351.728240966797
85.945686340332,-155.346481323242,6.50866222381592,0,271.649841308594,351.728240966797
85.9735565185547,-156.349594116211,6.36429262161255,0,271.535278320312,351.728240966797
85.9994659423828,-157.352767944336,6.2196536064148,0,271.420684814453,351.564056396484
86.0233154296875,-158.355972290039,6.0648045539856,0,271.306091308594,350.691589355469
86.0451812744141,-159.359237670898,5.89472913742065,0,271.191497802734,349.819152832031
86.065055847168,-160.362548828125,5.7094259262085,0,271.076904296875,348.946685791016
86.0829162597656,-161.365875244141,5.50889587402344,0,270.962310791016,348.074249267578
86.0987777709961,-162.369247436523,5.29313850402832,0,270.847717285156,347.201782226562
86.1126174926758,-163.372665405273,5.06215381622314,0,270.733123779297,346.329345703125
86.1244430541992,-164.376083374023,4.81594228744507,0,270.618530273437,345.456878662109
86.1342697143555,-165.379531860352,4.55450344085693,0,270.503936767578,344.584442138672
86.1421127319336,-166.383010864258,4.2778377532959,0,270.389343261719,343.711975097656
86.1479263305664,-167.386489868164,3.98594450950623,0,270.274780273437,342.839538574219
86.151725769043,-168.389984130859,3.67882418632507,0,270.16015625,341.967071533203
86.1543960571289,-169.390197753906,3.35647678375244,0,270.153564453125,341.094635009766
86.1570739746094,-170.390197753906,3.01890206336975,0,270.153564453125,340.22216796875
86.1597518920899,-171.390182495117,2.66610026359558,0,270.153564453125,339.349731445312
86.1624374389649,-172.390182495117,2.29807138442993,0,270.153564453125,338.477264404297
86.1651153564453,-173.390182495117,1.91481518745422,0,270.153564453125,337.604827880859
86.1677932739258,-174.390182495117,1.51633191108704,0,270.153564453125,336.732360839844
86.1704711914063,-175.390167236328,1.13036632537842,0,270.153564453125,339.346710205078
86.1731567382813,-176.390167236328,0.795655488967896,0,270.153564453125,342.298248291016
86.1758346557617,-177.390167236328,0.51245903968811,0,270.153564453125,345.249816894531
86.1785125732422,-178.390167236328,0.280776888132095,0,270.153564453125,348.201354980469
86.1811981201172,-179.390151977539,0.100609041750431,0,270.153564453125,351.152923583984
86.1838760375977,-180.390151977539,-0.028044482693076,0,270.153564453125,354.104461669922
86.1891021728516,-182.34016418457,-0.13075079023838,0,270.153564453125,359.860015869141
86.1891021728516,-182.34016418457,-0.13075079023838,0,270.153564453125,359.860015869141
86.191780090332,-183.34016418457,-0.124679483473301,0,270.153564453125,360.396636962891
86.1944580078125,-184.340148925781,-0.117756687104702,0,270.153564453125,360.396636962891
86.2055435180664,-185.245681762695,-0.110833898186684,0,-86.7693481445312,360.396636962891
86.2988433837891,-186.013748168945,-0.103911109268665,0,-79.3785095214844,360.396636962891
86.4901733398438,-186.763442993164,-0.096988312900066,0,-71.9876861572266,360.396636962891
86.7763519287109,-187.482299804687,-0.090045146644116,0,-64.5968475341797,360.418914794922
87.1526260375977,-188.15837097168,-0.080882638692856,0,-57.2060394287109,360.631042480469
87.6127395629883,-188.780410766602,-0.0680176243186,0,-49.8152008056641,360.843170166016
88.1490478515625,-189.338104248047,-0.051714543253183,0,-42.4243774414063,360.975128173828
88.762321472168,-189.829711914063,-0.034695141017437,0,-35.4351806640625,360.975128173828
89.4731979370117,-190.29020690918,-0.018005181103945,0,-30.4347381591797,360.858947753906
90.2215118408203,-190.68701171875,-0.00613421574235,0,-25.434326171875,360.501373291016
91.0015563964844,-191.017059326172,-0.000504410476424,0,-20.4338836669922,360.143768310547
91.8074035644531,-191.277862548828,0,0,-15.4334564208984,360
92.6329193115234,-191.467437744141,0,0,-10.4330291748047,360
93.4718170166016,-191.584335327148,0,0,-5.43260192871094,360
94.3177108764649,-191.627655029297,0,0,-0.432174682617188,360
95.2607116699219,-191.609161376953,0,0,1.43955993652344,360
97.1670761108399,-191.561264038086,0,0,1.43955993652344,360
97.1670761108399,-191.561264038086,0,0,1.43955993652344,360
98.1667633056641,-191.5361328125,0,0,1.43955993652344,360
99.1664505004883,-191.511016845703,0,0,1.43955993652344,360
100.166130065918,-191.485885620117,0,0,1.43955993652344,360
101.165817260742,-191.46076965332,0,0,1.43955993652344,360
102.165504455566,-191.435653686523,0,0,1.43955993652344,360
103.165184020996,-191.410522460938,0,0,1.43955993652344,360
104.164863586426,-191.385406494141,0,0,1.43955993652344,360
105.164558410645,-191.360275268555,0,0,1.43955993652344,360
106.164237976074,-191.335159301758,0,0,1.43955993652344,360
107.163917541504,-191.310043334961,0,0,1.43955993652344,360
108.163604736328,-191.284912109375,0,0,1.43955993652344,360
109.163291931152,-191.259796142578,0,0,1.43955993652344,360
110.162971496582,-191.234664916992,0,0,1.43955993652344,360
111.162658691406,-191.209548950195,0,0,1.43955993652344,360
112.16234588623,-191.184417724609,0,0,1.43955993652344,360
113.16202545166,-191.159301757813,0,0,1.43955993652344,360
114.161712646484,-191.134185791016,0,0,1.43955993652344,360
115.161399841309,-191.10905456543,0,0,1.43955993652344,360
116.161079406738,-191.083938598633,0,0,1.43955993652344,360
117.160766601563,-191.058807373047,0,0,1.43955993652344,360
118.160453796387,-191.03369140625,0,0,1.43955993652344,360
119.160133361816,-191.008575439453,0,0,1.43955993652344,360
120.159820556641,-190.983444213867,0,0,1.43955993652344,360
121.159507751465,-190.95832824707,0,0,1.43955993652344,360
122.159187316895,-190.933197021484,0,0,1.43955993652344,360
123.158874511719,-190.908081054688,0,0,1.43955993652344,360
124.158554077148,-190.882965087891,0,0,1.43955993652344,360
125.158241271973,-190.857833862305,0,0,1.43955993652344,360
126.157928466797,-190.832717895508,0,0,1.43955993652344,360
127.157608032227,-190.807586669922,0,0,1.43955993652344,360
128.157287597656,-190.782470703125,0,0,1.43955993652344,360
129.156967163086,-190.757354736328,0,0,1.43955993652344,360
130.156661987305,-190.732223510742,0,0,1.43955993652344,360
131.156341552734,-190.707107543945,0,0,1.43955993652344,360
132.156021118164,-190.681976318359,0,0,1.43955993652344,360
133.155700683594,-190.656860351563,0,0,1.43955993652344,360
134.155395507813,-190.631729125977,0,0,1.43955993652344,360
135.155075073242,-190.60661315918,0,0,1.43955993652344,360
136.154754638672,-190.581497192383,0,0,1.43955993652344,360
137.154449462891,-190.556365966797,0,0,1.43955993652344,360
138.15412902832,-190.53125,0,0,1.43955993652344,360
139.15380859375,-190.506118774414,0,0,1.43955993652344,360
140.563369750977,-190.470703125,0,0,-358.560424804687,360
140.563369750977,-190.470703125,0,0,-358.560424804687,360
141.563049316406,-190.445571899414,0,0,-358.560424804687,360
142.562728881836,-190.420455932617,0,0,-358.560424804687,360
143.562438964844,-190.395324707031,0,0,1.43955993652344,360
144.562118530273,-190.370208740234,0,0,1.43955993652344,360
145.629852294922,-190.359161376953,0,0,-0.783432006835938,360
146.719940185547,-190.402465820313,0,0,-3.76516723632812,360
147.806304931641,-190.502380371094,0,0,-6.74690246582031,360
148.886001586914,-190.658706665039,0,0,-9.72862243652344,360
149.956100463867,-190.870956420898,0,0,-12.7103576660156,360
151.013702392578,-191.138610839844,0,0,-15.6920928955078,360
152.055969238281,-191.460906982422,0,0,-18.673828125,360
153.080047607422,-191.836975097656,0,0,-21.6555633544922,360
154.071533203125,-192.260223388672,0,0,-24.2148590087891,360
154.914123535156,-192.61457824707,0,0,-21.4044036865234,360
155.773056030273,-192.927185058594,0,0,-18.5939483642578,360
156.646301269531,-193.197326660156,0,0,-15.7834777832031,360
157.531753540039,-193.424301147461,0,0,-12.9730224609375,360
158.42724609375,-193.60758972168,0,0,-10.1625671386719,360
159.330657958984,-193.746765136719,0,0,-7.35211181640625,360
160.239807128906,-193.841461181641,0,0,-4.54164123535156,360
161.15251159668,-193.891479492188,0,0,-1.73118591308594,360
162.099548339844,-193.899993896484,0,0,0,360
163.099548339844,-193.899993896484,0,0,0,360
164.099685668945,-193.899993896484,0,0,0,360
165.099685668945,-193.899993896484,0,0,0,360
166.209991455078,-193.899993896484,0,0,0,0
166.209991455078,-193.899993896484,0,0,0,0
167.209991455078,-193.899993896484,0,0,0,0
168.209991455078,-193.899993896484,0,0,0,0
169.209991455078,-193.899993896484,0,0,0,0
170.209991455078,-193.899993896484,0,0,0,0
171.209991455078,-193.899993896484,0,0,0,0
172.209991455078,-193.899993896484,0,0,0,0
173.209991455078,-193.899993896484,0,0,0,0
174.209991455078,-193.899993896484,0,0,0,0
175.209991455078,-193.899993896484,0,0,0,0
176.209991455078,-193.899993896484,0,0,0,0
177.209991455078,-193.899993896484,0,0,0,0
178.209991455078,-193.899993896484,0,0,0,0
179.209991455078,-193.899993896484,0,0,0,0
180.209991455078,-193.899993896484,0,0,0,0
181.209991455078,-193.899993896484,0,0,0,0
182.209991455078,-193.899993896484,0,0,0,0
183.209991455078,-193.899993896484,0,0,0,0
184.209991455078,-193.899993896484,0,0,0,0
185.209991455078,-193.899993896484,0,0,0,0
186.209991455078,-193.899993896484,0,0,0,0
187.209991455078,-193.899993896484,0,0,0,0
188.209991455078,-193.899993896484,0,0,0,0
189.209991455078,-193.899993896484,0,0,0,0
190.209991455078,-193.899993896484,0,0,0,0
191.209991455078,-193.899993896484,0,0,0,0
192.209991455078,-193.899993896484,0,0,0,0
193.209991455078,-193.899993896484,0,0,0,0
194.209991455078,-193.899993896484,0,0,0,0
195.209991455078,-193.899993896484,0,0,0,0
196.209991455078,-193.899993896484,0,0,0,0
197.209991455078,-193.899993896484,0,0,0,0
198.209991455078,-193.899993896484,0,0,0,0
199.133834838867,-193.898864746094,0,0,0.498809486627579,0
199.909072875977,-193.882141113281,0,0,1.96915769577026,0
200.683654785156,-193.845565795898,0,0,3.43950581550598,0
201.457015991211,-193.789123535156,0,0,4.90985441207886,0
202.22868347168,-193.712844848633,0,0,6.380202293396,0
202.998153686523,-193.616806030273,0,0,7.85055065155029,0
203.764892578125,-193.501037597656,0,0,9.32089900970459,0
204.528411865234,-193.365615844727,0,0,10.7912473678589,0
205.288208007812,-193.210678100586,0,0,12.2615947723389,0
206.04377746582,-193.036285400391,0,0,13.7319431304932,0
206.794616699219,-192.842575073242,0,0,15.2022924423218,0
207.540252685547,-192.629638671875,0,0,16.6726398468018,0
208.280166625977,-192.397659301758,0,0,18.1429882049561,0
209.013885498047,-192.146774291992,0,0,19.6133365631104,0
209.740921020508,-191.877105712891,0,0,21.0836849212646,0
210.460815429687,-191.588912963867,0,0,22.5540332794189,0
211.173065185547,-191.282318115234,0,0,24.0243816375732,0
211.877212524414,-190.957565307617,0,0,25.4947299957275,0
212.572799682617,-190.614852905273,0,0,26.9650783538818,0
213.259353637695,-190.254379272461,0,0,28.4354267120361,0
213.936447143555,-189.876419067383,0,0,29.9057731628418,0
214.603607177734,-189.481216430664,0,0,31.3761215209961,0
215.26042175293,-189.069046020508,0,0,32.8464698791504,0
215.906433105469,-188.640121459961,0,0,34.3168182373047,0
216.541213989258,-188.194763183594,0,0,35.787166595459,0
217.164367675781,-187.733291625977,0,0,37.2575149536133,0
217.775482177734,-187.255966186523,0,0,38.7278633117676,0
218.374145507812,-186.763107299805,0,0,40.1982116699219,0
218.9599609375,-186.255065917969,0,0,41.6685600280762,0
219.532562255859,-185.732147216797,0,0,43.1389083862305,0
220.091552734375,-185.194717407227,0,0,44.6092567443848,0
220.636535644531,-184.643112182617,0,0,46.0796051025391,0
221.167221069336,-184.077713012695,0,0,47.5499534606934,0
221.683212280273,-183.498886108398,0,0,49.0203018188477,0
222.184173583984,-182.906997680664,0,0,50.490650177002,0
222.669784545898,-182.302459716797,0,0,51.9609985351562,0
223.139739990234,-181.685653686523,0,0,53.4313468933105,0
223.593688964844,-181.056991577148,0,0,54.9016952514648,0
224.031387329102,-180.416885375977,0,0,56.3720397949219,0
224.452499389648,-179.765777587891,0,0,57.8423881530762,0
224.85676574707,-179.104064941406,0,0,59.3127365112305,0
225.243927001953,-178.432189941406,0,0,60.7830848693848,0
225.619171142578,-177.740341186523,0,0,62.1774215698242,0
226.036010742187,-176.939743041992,0,0,62.8150215148926,0
226.443908691406,-176.134552001953,0,0,63.4526176452637,0
226.842819213867,-175.324859619141,0,0,64.090217590332,0
227.232696533203,-174.510787963867,0,0,64.7278137207031,0
227.613510131836,-173.692413330078,0,0,65.3654098510742,0
227.98518371582,-172.869857788086,0,0,66.0030136108398,0
228.347686767578,-172.043228149414,0,0,66.6406097412109,0
228.700942993164,-171.212615966797,0,0,67.278205871582,0
229.044952392578,-170.378112792969,0,0,67.9158020019531,0
229.379638671875,-169.539840698242,0,0,68.5534057617187,0
229.704986572266,-168.697891235352,0,0,69.1910018920899,0
230.020965576172,-167.85237121582,0,0,69.8285980224609,0
230.327499389648,-167.003387451172,0,0,70.466194152832,0
230.624557495117,-166.151062011719,0,0,71.1037979125977,0
230.912124633789,-165.295471191406,0,0,71.7413940429688,0
231.190155029297,-164.436706542969,0,0,72.3789825439453,0
231.458587646484,-163.574935913086,0,0,73.0165863037109,0
231.717437744141,-162.710235595703,0,0,73.654182434082,0
231.966659545898,-161.842697143555,0,0,74.2917785644531,0
232.206192016602,-160.972427368164,0,0,74.9293746948242,0
232.436019897461,-160.099548339844,0,0,75.5669784545898,0
232.656127929687,-159.224182128906,0,0,76.2045745849609,0
232.866485595703,-158.346405029297,0,0,76.842170715332,0
233.06706237793,-157.466354370117,0,0,77.4797668457031,0
233.257827758789,-156.584136962891,0,0,78.1173706054688,0
233.438766479492,-155.699813842773,0,0,78.7549667358398,0
233.60986328125,-154.813568115234,0,0,79.3925628662109,0
233.771087646484,-153.925445556641,0,0,80.030158996582,0
233.922393798828,-153.035614013672,0,0,80.6677627563477,0
234.063812255859,-152.144119262695,0,0,81.3053588867188,0
234.195281982422,-151.251113891602,0,0,81.9429550170898,0
234.316818237305,-150.356719970703,0,0,82.5805511474609,0
234.42839050293,-149.461029052734,0,0,83.2181549072266,0
234.529998779297,-148.564117431641,0,0,83.8557510375977,0
234.621627807617,-147.666168212891,0,0,84.4933471679687,0
234.703247070312,-146.767242431641,0,0,85.1309509277344,0
234.774826049805,-145.867462158203,0,0,85.7685470581055,0
234.83642578125,-144.966949462891,0,0,86.4061431884766,0
234.887985229492,-144.065780639648,0,0,87.0437393188477,0
234.929534912109,-143.164123535156,0,0,87.6813430786133,0
234.961029052734,-142.262054443359,0,0,88.3189392089844,0
234.982482910156,-141.359680175781,0,0,88.9565277099609,0
234.993911743164,-140.457138061523,0,0,89.594123840332,0
234.99528503418,-139.55451965332,0,0,90.2317276000977,0
234.986602783203,-138.651931762695,0,0,90.8693237304687,0
234.967636108398,-137.732131958008,0,0,91.3932037353516,0
234.943313598633,-136.732421875,0,0,91.3932037353516,0
234.919006347656,-135.732711791992,0,0,91.3932037353516,0
234.89469909668,-134.733016967773,0,0,91.3932037353516,0
234.870376586914,-133.733306884766,0,0,91.3932037353516,0
234.846069335937,-132.733612060547,0,0,91.3932037353516,0
234.821746826172,-131.733901977539,0,0,91.3932037353516,0
234.797439575195,-130.734191894531,0,0,91.3932037353516,0
234.77311706543,-129.734497070313,0,0,91.3932037353516,0
234.748809814453,-128.734786987305,0,0,91.3932037353516,0
234.724502563477,-127.735092163086,0,0,91.3932037353516,0
234.700180053711,-126.735389709473,0,0,91.3932037353516,0
234.675872802734,-125.735679626465,0,0,91.3932037353516,0
234.651550292969,-124.735977172852,0,0,91.3932037353516,0
234.627243041992,-123.736274719238,0,0,91.3932037353516,0
234.602920532227,-122.73656463623,0,0,91.3932037353516,0
234.57861328125,-121.736862182617,0,0,91.3932037353516,0
234.554306030273,-120.737159729004,0,0,91.3932037353516,0
234.529983520508,-119.737457275391,0,0,91.3932037353516,0
234.505676269531,-118.737754821777,0,0,91.3932037353516,0
234.481353759766,-117.73804473877,0,0,91.3932037353516,0
234.457046508789,-116.738342285156,0,0,91.3932037353516,0
234.432739257812,-115.738639831543,0,0,91.3932037353516,0
234.408416748047,-114.738929748535,0,0,91.3932037353516,0
234.38410949707,-113.739227294922,0,0,91.3932037353516,0
234.359786987305,-112.739524841309,0,0,91.3932037353516,0
234.335479736328,-111.739822387695,0,0,91.3932037353516,0
234.311157226562,-110.740119934082,0,0,91.3932037353516,0
234.286849975586,-109.740409851074,0,0,91.3932037353516,0
234.262542724609,-108.740707397461,0,0,91.3932037353516,0
234.238220214844,-107.741004943848,0,0,91.3932037353516,0
234.213912963867,-106.74129486084,0,0,91.3932037353516,0
234.189590454102,-105.741592407227,0,0,91.3932037353516,0
234.165283203125,-104.741889953613,0,0,91.3932037353516,0
234.140960693359,-103.742179870605,0,0,91.3932037353516,0
234.116653442383,-102.742485046387,0,0,91.3932037353516,0
234.092346191406,-101.742774963379,0,0,91.3932037353516,0
234.068023681641,-100.743072509766,0,0,91.3932037353516,0
234.043716430664,-99.7433700561524,0,0,91.3932037353516,0
234.019393920898,-98.7436599731445,0,0,91.3932037353516,0
233.995086669922,-97.7439575195313,0,0,91.3932037353516,0
233.970779418945,-96.744255065918,0,0,91.3932037353516,0
233.94645690918,-95.7445449829102,0,0,91.3932037353516,0
233.922149658203,-94.7448501586914,0,0,91.3932037353516,0
233.897827148437,-93.7451400756836,0,0,91.3932037353516,0
233.873519897461,-92.7454376220703,0,0,91.3932037353516,0
233.849197387695,-91.745735168457,0,0,91.3932037353516,0
233.824890136719,-90.7460250854492,0,0,91.3932037353516,0
233.800582885742,-89.7463226318359,0,0,91.3932037353516,0
233.776260375977,-88.7466201782227,0,0,91.3932037353516,0
233.751953125,-87.7469100952149,0,0,91.3932037353516,0
233.727630615234,-86.7472152709961,0,0,91.3932037353516,0
233.703323364258,-85.7475051879883,0,0,91.3932037353516,0
233.679000854492,-84.747802734375,0,0,91.3932037353516,0
233.654693603516,-83.7481002807617,0,0,91.3932037353516,0
233.630386352539,-82.7483901977539,0,0,91.3932037353516,0
233.606063842773,-81.7486877441406,0,0,91.3932037353516,0
233.581756591797,-80.7489852905274,0,0,91.3932037353516,0
233.557434082031,-79.7492752075195,0,0,91.3932037353516,0
233.533126831055,-78.7495803833008,0,0,91.3932037353516,0
233.508819580078,-77.749870300293,0,0,91.3932037353516,0
233.484497070312,-76.7501678466797,0,0,91.3932037353516,0
233.460189819336,-75.7504653930664,0,0,91.3932037353516,0
233.43586730957,-74.7507553100586,0,0,91.3932037353516,0
233.411560058594,-73.7510528564453,0,0,91.3932037353516,0
233.387237548828,-72.751350402832,0,0,91.3932037353516,0
233.362930297852,-71.7516479492187,0,0,91.3932037353516,0
233.338623046875,-70.7519378662109,0,0,91.3932037353516,0
233.314300537109,-69.7522354125977,0,0,91.3932037353516,0
233.289993286133,-68.7525329589844,0,0,91.3932037353516,0
233.265670776367,-67.7528305053711,0,0,91.3932037353516,0
233.241363525391,-66.7531204223633,0,0,91.3932037353516,0
233.217041015625,-65.75341796875,0,0,91.3932037353516,0
233.192733764648,-64.7537155151367,0,0,91.3932037353516,0
233.168426513672,-63.7540130615234,0,0,91.3932037353516,0
233.144104003906,-62.7543029785156,0,0,91.3932037353516,0
233.11979675293,-61.7546005249023,0,0,91.3932037353516,0
233.095474243164,-60.7548980712891,0,0,91.3932037353516,0
233.071166992187,-59.7551956176758,0,0,91.3932037353516,0
233.046859741211,-58.755485534668,0,0,91.3932037353516,0
233.022537231445,-57.7557830810547,0,0,91.3932037353516,0
232.998229980469,-56.7560806274414,0,0,91.3932037353516,0
232.973907470703,-55.7563781738281,0,0,91.3932037353516,0
232.949600219727,-54.7566680908203,0,0,91.3932037353516,0
232.925277709961,-53.756965637207,0,0,91.3932037353516,0
232.900970458984,-52.7572631835938,0,0,91.3932037353516,0
232.876663208008,-51.7575607299805,0,0,91.3932037353516,0
232.852340698242,-50.7578506469727,0,0,91.3932037353516,0
232.828033447266,-49.7581481933594,0,0,91.3932037353516,0
232.8037109375,-48.7584457397461,0,0,91.3932037353516,0
232.779403686523,-47.7587432861328,0,0,91.3932037353516,0
232.755081176758,-46.759033203125,0,0,91.3932037353516,0
232.730773925781,-45.7593307495117,0,0,91.3932037353516,0
232.706466674805,-44.7596282958984,0,0,91.3932037353516,0
232.682144165039,-43.7599258422852,0,0,91.3932037353516,0
232.657836914063,-42.7602157592773,0,0,91.3932037353516,0
232.633514404297,-41.7605133056641,0,0,91.3932037353516,0
232.60920715332,-40.7608108520508,0,0,91.3932037353516,0
232.584899902344,-39.7611083984375,0,0,91.3932037353516,0
232.560577392578,-38.7613983154297,0,0,91.3932037353516,0
232.536270141602,-37.7616958618164,0,0,91.3932037353516,0
232.511947631836,-36.7619934082031,0,0,91.3932037353516,0
232.487640380859,-35.7622909545898,0,0,91.3932037353516,0
232.463317871094,-34.762580871582,0,0,91.3932037353516,0
232.439010620117,-33.7628784179687,0,0,91.3932037353516,0
232.414703369141,-32.7631759643555,0,0,91.3932037353516,0
232.390380859375,-31.7634735107422,0,0,91.3932037353516,0
232.366073608398,-30.7637634277344,0,0,91.3932037353516,0
232.341751098633,-29.7640609741211,0,0,91.3932037353516,0
232.317443847656,-28.7643585205078,0,0,91.3932037353516,0
232.293121337891,-27.7646484375,0,0,91.3932037353516,0
232.268814086914,-26.7649459838867,0,0,91.3932037353516,0
232.244506835938,-25.7652435302734,0,0,91.3932037353516,0
232.220184326172,-24.7655410766602,0,0,91.3932037353516,0
232.195877075195,-23.7658309936523,0,0,91.3932037353516,0
232.17155456543,-22.7661285400391,0,0,91.3932037353516,0
232.147247314453,-21.7664260864258,0,0,91.3932037353516,0
232.122924804687,-20.7667236328125,0,0,91.3932037353516,0
232.098617553711,-19.7670135498047,0,0,91.3932037353516,0
232.074310302734,-18.7673110961914,0,0,91.3932037353516,0
232.035629272461,-17.1772899627686,0,0,-268.606750488281,0
232.035629272461,-17.1772899627686,0,0,-268.606750488281,0
232.011322021484,-16.1775856018066,0,0,-268.606750488281,0
231.986999511719,-15.1778812408447,0,0,-268.606750488281,0
231.962692260742,-14.1781768798828,0,0,-268.606750488281,0
231.938369750977,-13.1784725189209,0,0,-268.606750488281,0
231.9140625,-12.178768157959,0,0,-268.606750488281,0
231.889739990234,-11.1790637969971,0,0,-268.606750488281,0
231.865432739258,-10.1793594360352,0,0,-268.606750488281,0
231.841125488281,-9.17965507507324,0,0,-268.606750488281,0
231.78498840332,-8.44284820556641,0,0,-260.089233398437,0
231.608795166016,-7.80342578887939,0,0,-249.097473144531,0
231.313903808594,-7.20932865142822,0,0,-238.105743408203,0
230.911148071289,-6.68235874176025,0,0,-227.113967895508,0
230.415298461914,-6.2418475151062,0,0,-216.122207641602,0
229.76318359375,-5.82859706878662,0,0,-208.67529296875,0
229.061874389648,-5.50186967849731,0,0,-201.283630371094,0
