LOCATION.X,LOCATION.Y,LOCATION.Z,ROTATION.ROLL,ROTATION.YAW,ROTATION.PITCH,ROAD_OPTION
1.9296894073486328,122.11415100097656,0.0,0.0,269.637451171875,360.0,RoadOption.LANEFOLLOW
1.9233617782592773,121.11417388916016,0.0,0.0,269.637451171875,360.0,RoadOption.LANEFOLLOW
1.91703462600708,120.11419677734375,0.0,0.0,269.637451171875,360.0,RoadOption.LANEFOLLOW
1.9053921699523926,118.27423095703125,0.0,0.0,269.637451171875,360.0,RoadOption.LANEFOLLOW
1.9053921699523926,118.27423095703125,0.0,0.0,269.637451171875,360.0,RoadOption.LANEFOLLOW
1.8990650177001953,117.27424621582031,0.0,0.0,269.637451171875,360.0,RoadOption.LANEFOLLOW
1.8927373886108398,116.2742691040039,0.0,0.0,269.637451171875,360.0,RoadOption.LANEFOLLOW
1.8864102363586426,115.2742919921875,0.0,0.0,269.637451171875,360.0,RoadOption.LANEFOLLOW
1.880082607269287,114.27430725097656,0.0,0.0,269.637451171875,360.0,RoadOption.LANEFOLLOW
1.8737554550170898,113.27433013916016,0.0,0.0,269.637451171875,360.0,RoadOption.LANEFOLLOW
1.8674278259277344,112.27435302734375,0.0,0.0,269.637451171875,360.0,RoadOption.LANEFOLLOW
1.861100673675537,111.27436828613281,0.0,0.0,269.637451171875,360.0,RoadOption.LANEFOLLOW
1.8547730445861816,110.2743911743164,0.0,0.0,269.637451171875,360.0,RoadOption.LANEFOLLOW
1.8484458923339844,109.27440643310547,0.0,0.0,269.637451171875,360.0,RoadOption.LANEFOLLOW
1.842118263244629,108.27442932128906,0.0,0.0,269.637451171875,360.0,RoadOption.LANEFOLLOW
1.8357911109924316,107.27444458007812,0.0,0.0,269.637451171875,360.0,RoadOption.LANEFOLLOW
1.8294634819030762,106.27447509765625,0.0,0.0,269.637451171875,360.0,RoadOption.LANEFOLLOW
1.823136329650879,105.27449035644531,0.0,0.0,269.637451171875,360.0,RoadOption.LANEFOLLOW
1.8168087005615234,104.27450561523438,0.0,0.0,269.637451171875,360.0,RoadOption.LANEFOLLOW
1.8104815483093262,103.27452850341797,0.0,0.0,269.637451171875,360.0,RoadOption.LANEFOLLOW
1.8041539192199707,102.27455139160156,0.0,0.0,269.637451171875,360.0,RoadOption.LANEFOLLOW
1.7978267669677734,101.27456665039062,0.0,0.0,269.637451171875,360.0,RoadOption.LANEFOLLOW
1.791499137878418,100.27458953857422,0.0,0.0,269.637451171875,360.0,RoadOption.LANEFOLLOW
1.7851719856262207,99.27461242675781,0.0,0.0,269.637451171875,360.0,RoadOption.LANEFOLLOW
1.7788443565368652,98.27462768554688,0.0,0.0,269.637451171875,360.0,RoadOption.LANEFOLLOW
1.772517204284668,97.27465057373047,0.0,0.0,269.637451171875,360.0,RoadOption.LANEFOLLOW
1.7661895751953125,96.27467346191406,0.0,0.0,269.637451171875,360.0,RoadOption.LANEFOLLOW
1.7598624229431152,95.27468872070312,0.0,0.0,269.637451171875,360.0,RoadOption.LANEFOLLOW
1.7535347938537598,94.27471160888672,0.0,0.0,269.637451171875,360.0,RoadOption.LANEFOLLOW
1.7472076416015625,93.27473449707031,0.0,0.0,269.637451171875,360.0,RoadOption.LANEFOLLOW
1.740880012512207,92.27474975585938,0.0,0.0,269.637451171875,360.0,RoadOption.LANEFOLLOW
1.7345528602600098,91.27476501464844,0.0,0.0,269.637451171875,360.0,RoadOption.LANEFOLLOW
1.7282252311706543,90.27479553222656,0.0,0.0,269.637451171875,360.0,RoadOption.LANEFOLLOW
1.721898078918457,89.27481079101562,0.0,0.0,269.637451171875,360.0,RoadOption.LANEFOLLOW
1.7155704498291016,88.27482604980469,0.0,0.0,269.637451171875,360.0,RoadOption.LANEFOLLOW
1.7092432975769043,87.27484893798828,0.0,0.0,269.637451171875,360.0,RoadOption.LANEFOLLOW
1.702916145324707,86.27487182617188,0.0,0.0,269.637451171875,360.0,RoadOption.LANEFOLLOW
1.6965885162353516,85.27488708496094,0.0,0.0,269.637451171875,360.0,RoadOption.LANEFOLLOW
1.690260887145996,84.27490997314453,0.0,0.0,269.637451171875,360.0,RoadOption.LANEFOLLOW
1.6839337348937988,83.27493286132812,0.0,0.0,269.637451171875,360.0,RoadOption.LANEFOLLOW
1.6776065826416016,82.27494812011719,0.0,0.0,269.637451171875,360.0,RoadOption.LANEFOLLOW
1.671278953552246,81.27497100830078,0.0,0.0,269.637451171875,360.0,RoadOption.LANEFOLLOW
1.6649513244628906,80.27499389648438,0.0,0.0,269.637451171875,360.0,RoadOption.LANEFOLLOW
1.6586241722106934,79.27500915527344,0.0,0.0,269.637451171875,360.0,RoadOption.LANEFOLLOW
1.652297019958496,78.2750244140625,0.0,0.0,269.637451171875,360.0,RoadOption.LANEFOLLOW
1.6459693908691406,77.27505493164062,0.0,0.0,269.637451171875,360.0,RoadOption.LANEFOLLOW
1.6396417617797852,76.27507019042969,0.0,0.0,269.637451171875,360.0,RoadOption.LANEFOLLOW
1.633314609527588,75.27508544921875,0.0,0.0,269.637451171875,360.0,RoadOption.LANEFOLLOW
1.6269874572753906,74.27510833740234,0.0,0.0,269.637451171875,360.0,RoadOption.LANEFOLLOW
1.6206598281860352,73.27513122558594,0.0,0.0,269.637451171875,360.0,RoadOption.LANEFOLLOW
1.614332675933838,72.275146484375,0.0,0.0,269.637451171875,360.0,RoadOption.LANEFOLLOW
1.6080050468444824,71.2751693725586,0.0,0.0,269.637451171875,360.0,RoadOption.LANEFOLLOW
1.6016778945922852,70.27519226074219,0.0,0.0,269.637451171875,360.0,RoadOption.LANEFOLLOW
1.5953502655029297,69.27520751953125,0.0,0.0,269.637451171875,360.0,RoadOption.LANEFOLLOW
1.5890231132507324,68.27523040771484,0.0,0.0,269.637451171875,360.0,RoadOption.LANEFOLLOW
1.582695484161377,67.27525329589844,0.0,0.0,269.637451171875,360.0,RoadOption.LANEFOLLOW
1.5763683319091797,66.2752685546875,0.0,0.0,269.637451171875,360.0,RoadOption.LANEFOLLOW
1.5700407028198242,65.2752914428711,0.0,0.0,269.637451171875,360.0,RoadOption.LANEFOLLOW
1.563713550567627,64.27531433105469,0.0,0.0,269.637451171875,360.0,RoadOption.LANEFOLLOW
1.5573859214782715,63.27532958984375,0.0,0.0,269.637451171875,360.0,RoadOption.LANEFOLLOW
1.5510587692260742,62.275352478027344,0.0,0.0,269.637451171875,360.0,RoadOption.LANEFOLLOW
1.5447311401367188,61.275367736816406,0.0,0.0,269.637451171875,360.0,RoadOption.LANEFOLLOW
1.5384039878845215,60.275390625,0.0,0.0,269.637451171875,360.0,RoadOption.LANEFOLLOW
1.532076358795166,59.27540969848633,0.0,0.0,269.637451171875,360.0,RoadOption.LANEFOLLOW
1.5257492065429688,58.275428771972656,0.0,0.0,269.637451171875,360.0,RoadOption.LANEFOLLOW
1.5194215774536133,57.27545166015625,0.0,0.0,269.637451171875,360.0,RoadOption.LANEFOLLOW
1.513094425201416,56.27547073364258,0.0,0.0,269.637451171875,360.0,RoadOption.LANEFOLLOW
1.5067667961120605,55.275489807128906,0.0,0.0,269.637451171875,360.0,RoadOption.LANEFOLLOW
1.5004396438598633,54.2755126953125,0.0,0.0,269.637451171875,360.0,RoadOption.LANEFOLLOW
1.4941120147705078,53.27553176879883,0.0,0.0,269.637451171875,360.0,RoadOption.LANEFOLLOW
1.4877848625183105,52.275550842285156,0.0,0.0,269.637451171875,360.0,RoadOption.LANEFOLLOW
1.481457233428955,51.275569915771484,0.0,0.0,269.637451171875,360.0,RoadOption.LANEFOLLOW
1.4751300811767578,50.27558898925781,0.0,0.0,269.637451171875,360.0,RoadOption.LANEFOLLOW
1.4688024520874023,49.275611877441406,0.0,0.0,269.637451171875,360.0,RoadOption.LANEFOLLOW
1.462475299835205,48.275630950927734,0.0,0.0,269.637451171875,360.0,RoadOption.LANEFOLLOW
1.4561476707458496,47.27565002441406,0.0,0.0,269.637451171875,360.0,RoadOption.LANEFOLLOW
1.4498205184936523,46.27566909790039,0.0,0.0,269.637451171875,360.0,RoadOption.LANEFOLLOW
1.4434928894042969,45.275691986083984,0.0,0.0,269.637451171875,360.0,RoadOption.LANEFOLLOW
1.4326095581054688,43.555721282958984,0.0,0.0,-90.36251831054688,360.0,RoadOption.LANEFOLLOW
1.4326095581054688,43.555721282958984,0.0,0.0,-90.36251831054688,360.0,RoadOption.RIGHT
1.419956922531128,41.55576705932617,0.0,0.0,-90.36251831054688,360.0,RoadOption.RIGHT
1.419956922531128,41.55576705932617,0.0,0.0,-90.36251831054688,360.0,RoadOption.RIGHT
1.4267692565917969,40.51084899902344,0.0,0.0,-88.89047241210938,360.0,RoadOption.RIGHT
1.4604206085205078,39.46646499633789,0.0,0.0,-87.41839599609375,360.0,RoadOption.RIGHT
1.5208919048309326,38.42327880859375,0.0,0.0,-85.94631958007812,360.0,RoadOption.RIGHT
1.6081418991088867,37.38199996948242,0.0,0.0,-84.4742431640625,360.0,RoadOption.RIGHT
1.7221152782440186,36.343299865722656,0.0,0.0,-83.002197265625,360.0,RoadOption.RIGHT
1.8627331256866455,35.30786895751953,0.0,0.0,-81.5301513671875,360.0,RoadOption.RIGHT
2.0298991203308105,34.27639389038086,0.0,0.0,-80.05807495117188,360.0,RoadOption.RIGHT
2.223517656326294,33.24955368041992,0.0,0.0,-78.58599853515625,360.0,RoadOption.RIGHT
2.4434447288513184,32.22802734375,0.0,0.0,-77.11395263671875,360.0,RoadOption.RIGHT
2.6895453929901123,31.212491989135742,0.0,0.0,-75.64189147949219,360.0,RoadOption.RIGHT
2.9616520404815674,30.203609466552734,0.0,0.0,-74.16981506347656,360.0,RoadOption.RIGHT
3.2505362033843994,29.221710205078125,0.0,0.0,-73.39973449707031,360.0,RoadOption.RIGHT
3.5362284183502197,28.263389587402344,0.0,0.0,-73.39973449707031,360.0,RoadOption.RIGHT
3.836836338043213,27.272241592407227,0.0,0.0,-72.22903442382812,360.0,RoadOption.RIGHT
4.190049171447754,26.251399993896484,0.0,0.0,-69.59951782226562,360.0,RoadOption.RIGHT
4.589722633361816,25.247840881347656,0.0,0.0,-66.97001647949219,360.0,RoadOption.RIGHT
5.035017013549805,24.263671875,0.0,0.0,-64.34049987792969,360.0,RoadOption.RIGHT
5.524993896484375,23.30097007751465,0.0,0.0,-61.71098327636719,360.0,RoadOption.RIGHT
6.058620929718018,22.361759185791016,0.0,0.0,-59.08146667480469,360.0,RoadOption.RIGHT
6.634775161743164,21.448022842407227,0.0,0.0,-56.45195007324219,360.0,RoadOption.RIGHT
7.252241611480713,20.561676025390625,0.0,0.0,-53.82244873046875,360.0,RoadOption.RIGHT
7.909723281860352,19.70458984375,0.0,0.0,-51.19293212890625,360.0,RoadOption.RIGHT
8.605831146240234,18.87857437133789,0.0,0.0,-48.56343078613281,360.0,RoadOption.RIGHT
9.339102745056152,18.085359573364258,0.0,0.0,-45.93391418457031,360.0,RoadOption.RIGHT
10.107994079589844,17.32662582397461,0.0,0.0,-43.30439758300781,360.0,RoadOption.RIGHT
11.518766403198242,16.099048614501953,0.0,0.0,-38.75093078613281,360.0,RoadOption.RIGHT
11.518766403198242,16.099048614501953,0.0,0.0,-38.75093078613281,360.0,RoadOption.RIGHT
12.904475212097168,14.872516632080078,0.0,0.0,-44.27507019042969,0.0,RoadOption.RIGHT
12.904475212097168,14.872516632080078,0.0,0.0,-44.27507019042969,0.0,RoadOption.LANEFOLLOW
13.59700870513916,14.182158470153809,0.0,0.0,-45.0,0.0,RoadOption.LANEFOLLOW
14.25655746459961,13.508219718933105,0.0,0.0,-46.8652458190918,0.0,RoadOption.LANEFOLLOW
15.416032791137695,12.149131774902344,0.0,0.0,-52.19794464111328,0.0,RoadOption.LANEFOLLOW
15.416032791137695,12.14913272857666,0.0,0.0,-52.19794464111328,0.0,RoadOption.LEFT
15.96027946472168,11.411867141723633,0.0,0.0,-54.93265914916992,0.0,RoadOption.LEFT
16.468730926513672,10.649477005004883,0.0,0.0,-57.667381286621094,0.0,RoadOption.LEFT
16.940227508544922,9.86369514465332,0.0,0.0,-60.402099609375,0.0,RoadOption.LEFT
17.37369728088379,9.05631160736084,0.0,0.0,-63.136810302734375,0.0,RoadOption.LEFT
17.768150329589844,8.229167938232422,0.0,0.0,-65.87152862548828,0.0,RoadOption.LEFT
18.122692108154297,7.3841447830200195,0.0,0.0,-68.60624694824219,0.0,RoadOption.LEFT
18.43651008605957,6.523167133331299,0.0,0.0,-71.3409652709961,0.0,RoadOption.LEFT
18.708892822265625,5.648198127746582,0.0,0.0,-74.07567596435547,0.0,RoadOption.LEFT
18.939218521118164,4.761229991912842,0.0,0.0,-76.81039428710938,0.0,RoadOption.LEFT
19.126964569091797,3.8642830848693848,0.0,0.0,-79.54511260986328,0.0,RoadOption.LEFT
19.27170181274414,2.9593992233276367,0.0,0.0,-82.27983856201172,0.0,RoadOption.LEFT
19.37310028076172,2.048640489578247,0.0,0.0,-85.0145492553711,0.0,RoadOption.LEFT
19.445159912109375,0.5294022560119629,0.0,0.0,-89.5541763305664,0.0,RoadOption.LEFT
19.445159912109375,0.5294022560119629,0.0,0.0,-89.5541763305664,0.0,RoadOption.CHANGELANERIGHT
21.842029571533203,-6.612366676330566,0.0,0.0,-107.93974304199219,0.0,RoadOption.CHANGELANERIGHT
21.842029571533203,-6.612366676330566,0.0,0.0,-107.93974304199219,0.0,RoadOption.LANEFOLLOW
21.483814239501953,-7.634859085083008,0.0,0.0,-110.67445373535156,0.0,RoadOption.LANEFOLLOW
21.077224731445312,-8.639097213745117,0.0,0.0,-113.40917205810547,0.0,RoadOption.LANEFOLLOW
20.62318229675293,-9.622790336608887,0.0,0.0,-116.14389038085938,0.0,RoadOption.LANEFOLLOW
20.122724533081055,-10.583702087402344,0.0,0.0,-118.87860107421875,0.0,RoadOption.LANEFOLLOW
19.576988220214844,-11.51963996887207,0.0,0.0,-121.61332702636719,0.0,RoadOption.LANEFOLLOW
18.987220764160156,-12.428475379943848,0.0,0.0,-124.34803771972656,0.0,RoadOption.LANEFOLLOW
18.354761123657227,-13.308135986328125,0.0,0.0,-127.08275604248047,0.0,RoadOption.LANEFOLLOW
17.68105125427246,-14.156620025634766,0.0,0.0,-129.81747436523438,0.0,RoadOption.LANEFOLLOW
16.967626571655273,-14.971992492675781,0.0,0.0,-132.55218505859375,0.0,RoadOption.LANEFOLLOW
16.26353645324707,-15.719686508178711,0.0,0.0,-133.42758178710938,0.0,RoadOption.LANEFOLLOW
15.57609748840332,-16.44593048095703,0.0,0.0,-133.42758178710938,0.0,RoadOption.LANEFOLLOW
14.93693733215332,-17.14058494567871,0.0,0.0,-131.5945281982422,0.0,RoadOption.LANEFOLLOW
14.327564239501953,-17.852432250976562,0.0,0.0,-129.53518676757812,0.0,RoadOption.LANEFOLLOW
13.744166374206543,-18.58572006225586,0.0,0.0,-127.475830078125,0.0,RoadOption.LANEFOLLOW
13.187496185302734,-19.339496612548828,0.0,0.0,-125.41648864746094,0.0,RoadOption.LANEFOLLOW
12.658271789550781,-20.11279296875,0.0,0.0,-123.35714721679688,0.0,RoadOption.LANEFOLLOW
12.157176971435547,-20.904603958129883,0.0,0.0,-121.29779052734375,0.0,RoadOption.LANEFOLLOW
11.684858322143555,-21.713912963867188,0.0,0.0,-119.23844146728516,0.0,RoadOption.LANEFOLLOW
11.241928100585938,-22.539669036865234,0.0,0.0,-117.1791000366211,0.0,RoadOption.LANEFOLLOW
10.828958511352539,-23.380813598632812,0.0,0.0,-115.11975860595703,0.0,RoadOption.LANEFOLLOW
10.446477890014648,-24.236248016357422,0.0,0.0,-113.0604019165039,0.0,RoadOption.LANEFOLLOW
10.094987869262695,-25.104877471923828,0.0,0.0,-111.00106048583984,0.0,RoadOption.LANEFOLLOW
9.774937629699707,-25.985578536987305,0.0,0.0,-108.94171142578125,0.0,RoadOption.LANEFOLLOW
9.486741065979004,-26.877208709716797,0.0,0.0,-106.88236236572266,0.0,RoadOption.LANEFOLLOW
9.230772018432617,-27.778621673583984,0.0,0.0,-104.82301330566406,0.0,RoadOption.LANEFOLLOW
8.814188957214355,-29.545196533203125,0.0,0.0,257.8001403808594,360.0,RoadOption.LANEFOLLOW
8.814188957214355,-29.545196533203125,0.0,0.0,257.8001403808594,360.0,RoadOption.LANEFOLLOW
8.617581367492676,-30.494535446166992,0.0,0.0,258.7987976074219,360.0,RoadOption.LANEFOLLOW
8.396812438964844,-31.676244735717773,0.0,0.0,-99.96286010742188,360.0,RoadOption.LANEFOLLOW
8.396812438964844,-31.676244735717773,0.0,0.0,-99.96286010742188,360.0,RoadOption.STRAIGHT
8.237410545349121,-32.632537841796875,0.0,0.0,-98.9642333984375,360.0,RoadOption.STRAIGHT
8.094698905944824,-33.59146499633789,0.0,0.0,-97.965576171875,360.0,RoadOption.STRAIGHT
7.968722343444824,-34.552730560302734,0.0,0.0,-96.9669189453125,360.0,RoadOption.STRAIGHT
7.859517574310303,-35.51604461669922,0.0,0.0,-95.96826171875,360.0,RoadOption.STRAIGHT
7.767118453979492,-36.48112106323242,0.0,0.0,-94.9696044921875,360.0,RoadOption.STRAIGHT
7.691553592681885,-37.447654724121094,0.0,0.0,-93.970947265625,360.0,RoadOption.STRAIGHT
7.632850170135498,-38.41536331176758,0.0,0.0,-92.9722900390625,360.0,RoadOption.STRAIGHT
7.591017723083496,-39.383941650390625,0.0,0.0,-91.9736328125,360.0,RoadOption.STRAIGHT
7.566072463989258,-40.353111267089844,0.0,0.0,-90.97500610351562,360.0,RoadOption.STRAIGHT
7.558025360107422,-41.32256317138672,0.0,0.0,-89.97634887695312,360.0,RoadOption.STRAIGHT
7.578849792480469,-42.829925537109375,0.0,0.0,-88.58642578125,360.0,RoadOption.STRAIGHT
7.578849792480469,-42.829925537109375,0.0,0.0,-88.58642578125,360.0,RoadOption.STRAIGHT
7.628186225891113,-44.82931137084961,0.0,0.0,-88.58645629882812,0.0,RoadOption.STRAIGHT
7.628186225891113,-44.82931137084961,0.0,0.0,-88.58645629882812,0.0,RoadOption.LANEFOLLOW
7.6528544425964355,-45.82900619506836,0.0,0.0,-88.58645629882812,0.0,RoadOption.LANEFOLLOW
7.677522659301758,-46.82870101928711,0.0,0.0,-88.58645629882812,0.0,RoadOption.LANEFOLLOW
7.702191352844238,-47.828399658203125,0.0,0.0,-88.58645629882812,0.0,RoadOption.LANEFOLLOW
7.726860046386719,-48.828094482421875,0.0,0.0,-88.58645629882812,0.0,RoadOption.LANEFOLLOW
7.751528263092041,-49.827789306640625,0.0,0.0,-88.58645629882812,0.0,RoadOption.LANEFOLLOW
7.776196479797363,-50.827484130859375,0.0,0.0,-88.58645629882812,0.0,RoadOption.LANEFOLLOW
7.800865173339844,-51.82718276977539,0.0,0.0,-88.58645629882812,0.0,RoadOption.LANEFOLLOW
7.825533390045166,-52.82687759399414,0.0,0.0,-88.58645629882812,0.0,RoadOption.LANEFOLLOW
7.850201606750488,-53.82657241821289,0.0,0.0,-88.58645629882812,0.0,RoadOption.LANEFOLLOW
7.874870300292969,-54.82626724243164,0.0,0.0,-88.58645629882812,0.0,RoadOption.LANEFOLLOW
7.899538993835449,-55.82596206665039,0.0,0.0,-88.58645629882812,0.0,RoadOption.LANEFOLLOW
7.9242072105407715,-56.825660705566406,0.0,0.0,-88.58645629882812,0.0,RoadOption.LANEFOLLOW
7.948875427246094,-57.825355529785156,0.0,0.0,-88.58645629882812,0.0,RoadOption.LANEFOLLOW
7.973544120788574,-58.825050354003906,0.0,0.0,-88.58645629882812,0.0,RoadOption.LANEFOLLOW
7.9982123374938965,-59.82474899291992,0.0,0.0,-88.58645629882812,0.0,RoadOption.LANEFOLLOW
8.022880554199219,-60.82444381713867,0.0,0.0,-88.58645629882812,0.0,RoadOption.LANEFOLLOW
8.0475492477417,-61.82413864135742,0.0,0.0,-88.58645629882812,0.0,RoadOption.LANEFOLLOW
8.07221794128418,-62.82383346557617,0.0,0.0,-88.58645629882812,0.0,RoadOption.LANEFOLLOW
8.096885681152344,-63.82352828979492,0.0,0.0,-88.58645629882812,0.0,RoadOption.LANEFOLLOW
8.121554374694824,-64.8232192993164,0.0,0.0,-88.58645629882812,0.0,RoadOption.LANEFOLLOW
8.146223068237305,-65.82292175292969,0.0,0.0,-88.58645629882812,0.0,RoadOption.LANEFOLLOW
8.170890808105469,-66.82261657714844,0.0,0.0,-88.58645629882812,0.0,RoadOption.LANEFOLLOW
8.19555950164795,-67.82231140136719,0.0,0.0,-88.58645629882812,0.0,RoadOption.LANEFOLLOW
8.22022819519043,-68.82200622558594,0.0,0.0,-88.58645629882812,0.0,RoadOption.LANEFOLLOW
8.24489688873291,-69.82170104980469,0.0,0.0,-88.58645629882812,0.0,RoadOption.LANEFOLLOW
8.26956558227539,-70.82139587402344,0.0,0.0,-88.58645629882812,0.0,RoadOption.LANEFOLLOW
8.294233322143555,-71.82109069824219,0.0,0.0,-88.58645629882812,0.0,RoadOption.LANEFOLLOW
8.318902015686035,-72.82078552246094,0.0,0.0,-88.58645629882812,0.0,RoadOption.LANEFOLLOW
8.343570709228516,-73.82048034667969,0.0,0.0,-88.58645629882812,0.0,RoadOption.LANEFOLLOW
8.36823844909668,-74.82017517089844,0.0,0.0,-88.58645629882812,0.0,RoadOption.LANEFOLLOW
8.39290714263916,-75.81986999511719,0.0,0.0,-88.58645629882812,0.0,RoadOption.LANEFOLLOW
8.41757583618164,-76.81956481933594,0.0,0.0,-88.58645629882812,0.0,RoadOption.LANEFOLLOW
8.442243576049805,-77.81925964355469,0.0,0.0,-88.58645629882812,0.0,RoadOption.LANEFOLLOW
8.466912269592285,-78.81896209716797,0.0,0.0,-88.58645629882812,0.0,RoadOption.LANEFOLLOW
8.491580963134766,-79.81865692138672,0.0,0.0,-88.58645629882812,0.0,RoadOption.LANEFOLLOW
8.51624870300293,-80.81835174560547,0.0,0.0,-88.58645629882812,0.0,RoadOption.LANEFOLLOW
8.54091739654541,-81.81804656982422,0.0,0.0,-88.58645629882812,0.0,RoadOption.LANEFOLLOW
8.56558609008789,-82.8177490234375,0.0,0.0,-88.58645629882812,0.0,RoadOption.LANEFOLLOW
8.590254783630371,-83.81744384765625,0.0,0.0,-88.58645629882812,0.0,RoadOption.LANEFOLLOW
8.614923477172852,-84.817138671875,0.0,0.0,-88.58645629882812,0.0,RoadOption.LANEFOLLOW
8.639591217041016,-85.81683349609375,0.0,0.0,-88.58645629882812,0.0,RoadOption.LANEFOLLOW
8.664259910583496,-86.8165283203125,0.0,0.0,-88.58645629882812,0.0,RoadOption.LANEFOLLOW
8.688928604125977,-87.81622314453125,0.0,0.0,-88.58645629882812,0.0,RoadOption.LANEFOLLOW
8.71359634399414,-88.81591796875,0.0,0.0,-88.58645629882812,0.0,RoadOption.LANEFOLLOW
8.738265037536621,-89.81561279296875,0.0,0.0,-88.58645629882812,0.0,RoadOption.LANEFOLLOW
8.762933731079102,-90.8153076171875,0.0,0.0,-88.58645629882812,0.0,RoadOption.LANEFOLLOW
8.787601470947266,-91.81500244140625,0.0,0.0,-88.58645629882812,0.0,RoadOption.LANEFOLLOW
8.812270164489746,-92.814697265625,0.0,0.0,-88.58645629882812,0.0,RoadOption.LANEFOLLOW
8.836938858032227,-93.81439208984375,0.0,0.0,-88.58645629882812,0.0,RoadOption.LANEFOLLOW
8.86160659790039,-94.8140869140625,0.0,0.0,-88.58645629882812,0.0,RoadOption.LANEFOLLOW
8.886276245117188,-95.81378936767578,0.0,0.0,-88.58645629882812,0.0,RoadOption.LANEFOLLOW
8.910943984985352,-96.81348419189453,0.0,0.0,-88.58645629882812,0.0,RoadOption.LANEFOLLOW
8.935612678527832,-97.81317901611328,0.0,0.0,-88.58645629882812,0.0,RoadOption.LANEFOLLOW
8.960281372070312,-98.81287384033203,0.0,0.0,-88.58645629882812,0.0,RoadOption.LANEFOLLOW
8.984949111938477,-99.81256866455078,0.0,0.0,-88.58645629882812,0.0,RoadOption.LANEFOLLOW
9.009617805480957,-100.81227111816406,0.0,0.0,-88.58645629882812,0.0,RoadOption.LANEFOLLOW
9.034286499023438,-101.81196594238281,0.0,0.0,-88.58645629882812,0.0,RoadOption.LANEFOLLOW
9.058954238891602,-102.81166076660156,0.0,0.0,-88.58645629882812,0.0,RoadOption.LANEFOLLOW
9.083622932434082,-103.81135559082031,0.0,0.0,-88.58645629882812,0.0,RoadOption.LANEFOLLOW
9.108291625976562,-104.81105041503906,0.0,0.0,-88.58645629882812,0.0,RoadOption.LANEFOLLOW
9.132959365844727,-105.81074523925781,0.0,0.0,-88.58645629882812,0.0,RoadOption.LANEFOLLOW
9.157628059387207,-106.81044006347656,0.0,0.0,-88.58645629882812,0.0,RoadOption.LANEFOLLOW
9.182296752929688,-107.81013488769531,0.0,0.0,-88.58645629882812,0.0,RoadOption.LANEFOLLOW
9.206964492797852,-108.80982971191406,0.0,0.0,-88.58645629882812,0.0,RoadOption.LANEFOLLOW
9.231634140014648,-109.80952453613281,0.0,0.0,-88.58645629882812,0.0,RoadOption.LANEFOLLOW
9.256301879882812,-110.80921936035156,0.0,0.0,-88.58645629882812,0.0,RoadOption.LANEFOLLOW
9.280969619750977,-111.80892181396484,0.0,0.0,-88.58645629882812,0.0,RoadOption.LANEFOLLOW
9.305639266967773,-112.8086166381836,0.0,0.0,-88.58645629882812,0.0,RoadOption.LANEFOLLOW
9.330307006835938,-113.80831146240234,0.0,0.0,-88.58645629882812,0.0,RoadOption.LANEFOLLOW
9.354975700378418,-114.8080062866211,0.0,0.0,-88.58645629882812,0.0,RoadOption.LANEFOLLOW
9.379644393920898,-115.80770111083984,0.0,0.0,-88.58645629882812,0.0,RoadOption.LANEFOLLOW
9.404312133789062,-116.8073959350586,0.0,0.0,-88.58645629882812,0.0,RoadOption.LANEFOLLOW
9.428980827331543,-117.80709075927734,0.0,0.0,-88.58645629882812,0.0,RoadOption.LANEFOLLOW
9.453649520874023,-118.8067855834961,0.0,0.0,-88.58645629882812,0.0,RoadOption.LANEFOLLOW
9.478317260742188,-119.80648040771484,0.0,0.0,-88.58645629882812,0.0,RoadOption.LANEFOLLOW
9.502986907958984,-120.80618286132812,0.0,0.0,-88.58645629882812,0.0,RoadOption.LANEFOLLOW
9.527654647827148,-121.80587768554688,0.0,0.0,-88.58645629882812,0.0,RoadOption.LANEFOLLOW
9.575264930725098,-123.73529815673828,0.0,0.0,-448.5864562988281,0.0,RoadOption.LANEFOLLOW
9.575264930725098,-123.73529815673828,0.0,0.0,-448.5864562988281,0.0,RoadOption.RIGHT
9.599933624267578,-124.73499298095703,0.0,0.0,-448.5864562988281,0.0,RoadOption.RIGHT
9.624602317810059,-125.73468780517578,0.0,0.0,-448.5864562988281,0.0,RoadOption.RIGHT
9.657402992248535,-126.65478515625,0.0,0.0,-85.99273681640625,0.0,RoadOption.RIGHT
9.753151893615723,-127.49829864501953,0.0,0.0,-81.0550765991211,0.0,RoadOption.RIGHT
9.921148300170898,-128.33042907714844,0.0,0.0,-76.11742401123047,0.0,RoadOption.RIGHT
10.160143852233887,-129.14501953125,-0.00020774769654963166,0.0,-71.17975616455078,-0.11084432154893875,RoadOption.RIGHT
10.468365669250488,-129.93600463867188,-0.0066462126560509205,0.0,-66.24209594726562,-0.6269493699073792,RoadOption.RIGHT
10.843526840209961,-130.69754028320312,-0.022092409431934357,0.0,-61.30443572998047,-1.1430543661117554,RoadOption.RIGHT
11.282841682434082,-131.4239501953125,-0.04285569116473198,0.0,-56.36677169799805,-1.19196617603302,RoadOption.RIGHT
11.782893180847168,-132.10964965820312,-0.0636594295501709,0.0,-51.420894622802734,-1.19196617603302,RoadOption.RIGHT
12.305161476135254,-132.685302734375,-0.08114706724882126,0.0,-44.145206451416016,-0.5636348724365234,RoadOption.RIGHT
12.896124839782715,-133.19015502929688,-0.08191773295402527,0.0,-36.8695182800293,0.4753227233886719,RoadOption.RIGHT
13.546268463134766,-133.61610412597656,-0.06534542143344879,0.0,-29.59383201599121,1.2075496912002563,RoadOption.RIGHT
14.245121955871582,-133.956298828125,-0.04426970332860947,0.0,-22.318147659301758,1.2075496912002563,RoadOption.RIGHT
14.981430053710938,-134.2052459716797,-0.023193983361124992,0.0,-15.042459487915039,1.2075496912002563,RoadOption.RIGHT
15.743337631225586,-134.3589324951172,-0.002118264092132449,0.0,-7.766772270202637,1.2075496912002563,RoadOption.RIGHT
16.51857566833496,-134.41490173339844,0.018957454711198807,0.0,-0.4910856783390045,1.2075496912002563,RoadOption.RIGHT
17.466283798217773,-134.39735412597656,0.041550468653440475,0.0,-358.772705078125,1.4928182363510132,RoadOption.RIGHT
19.136404037475586,-134.361572265625,0.09647288173437119,0.0,1.227264404296875,362.2746887207031,RoadOption.RIGHT
19.136404037475586,-134.361572265625,0.09647288173437119,0.0,1.227264404296875,362.2746887207031,RoadOption.LANEFOLLOW
20.13617515563965,-134.34014892578125,0.1402580887079239,0.0,1.227264404296875,362.74273681640625,RoadOption.LANEFOLLOW
21.13594627380371,-134.31874084472656,0.19221219420433044,0.0,1.227264404296875,363.2107849121094,RoadOption.LANEFOLLOW
22.135717391967773,-134.2973175048828,0.25233519077301025,0.0,1.227264404296875,363.6788024902344,RoadOption.LANEFOLLOW
23.135488510131836,-134.27589416503906,0.32062703371047974,0.0,1.227264404296875,364.1468505859375,RoadOption.LANEFOLLOW
24.1352596282959,-134.25448608398438,0.39708778262138367,0.0,1.227264404296875,364.6148986816406,RoadOption.LANEFOLLOW
25.135026931762695,-134.23306274414062,0.48171743750572205,0.0,1.227264404296875,365.08294677734375,RoadOption.LANEFOLLOW
26.134798049926758,-134.21163940429688,0.5745159387588501,0.0,1.227264404296875,365.5509948730469,RoadOption.LANEFOLLOW
27.13456916809082,-134.1902313232422,0.6754833459854126,0.0,1.227264404296875,366.0190124511719,RoadOption.LANEFOLLOW
28.134340286254883,-134.16880798339844,0.7846196293830872,0.0,1.227264404296875,366.487060546875,RoadOption.LANEFOLLOW
29.134111404418945,-134.1473846435547,0.9019247889518738,0.0,1.227264404296875,366.9551086425781,RoadOption.LANEFOLLOW
30.133882522583008,-134.1259765625,1.0273988246917725,0.0,1.227264404296875,367.42315673828125,RoadOption.LANEFOLLOW
31.13365364074707,-134.10455322265625,1.1610417366027832,0.0,1.227264404296875,367.8912048339844,RoadOption.LANEFOLLOW
32.133419036865234,-134.0831298828125,1.3028535842895508,0.0,1.227264404296875,368.3592529296875,RoadOption.LANEFOLLOW
33.1331901550293,-134.0617218017578,1.4528342485427856,0.0,1.227264404296875,368.8272705078125,RoadOption.LANEFOLLOW
34.13296127319336,-134.04029846191406,1.6109838485717773,0.0,1.227264404296875,369.2953186035156,RoadOption.LANEFOLLOW
35.13273239135742,-134.0188751220703,1.7773023843765259,0.0,1.227264404296875,369.76336669921875,RoadOption.LANEFOLLOW
36.132503509521484,-133.99746704101562,1.9517897367477417,0.0,1.227264404296875,370.2314147949219,RoadOption.LANEFOLLOW
37.13227462768555,-133.97604370117188,2.134445905685425,0.0,1.227264404296875,370.699462890625,RoadOption.LANEFOLLOW
38.13204574584961,-133.95462036132812,2.3252711296081543,0.0,1.227264404296875,371.16748046875,RoadOption.LANEFOLLOW
39.131813049316406,-133.93321228027344,2.5242650508880615,0.0,1.227264404296875,371.6355285644531,RoadOption.LANEFOLLOW
40.13158416748047,-133.9117889404297,2.7314279079437256,0.0,1.227264404296875,372.10357666015625,RoadOption.LANEFOLLOW
41.13135528564453,-133.89036560058594,2.9463415145874023,0.0,1.227264404296875,372.4218444824219,RoadOption.LANEFOLLOW
42.131126403808594,-133.86895751953125,3.1631436347961426,0.0,1.227264404296875,372.4218444824219,RoadOption.LANEFOLLOW
43.130897521972656,-133.8475341796875,3.379945755004883,0.0,1.227264404296875,372.4218444824219,RoadOption.LANEFOLLOW
44.13066864013672,-133.82611083984375,3.596747875213623,0.0,1.227264404296875,372.4218444824219,RoadOption.LANEFOLLOW
45.13043975830078,-133.80470275878906,3.8135502338409424,0.0,1.227264404296875,372.4218444824219,RoadOption.LANEFOLLOW
46.130210876464844,-133.7832794189453,4.0303521156311035,0.0,1.227264404296875,372.4218444824219,RoadOption.LANEFOLLOW
47.129981994628906,-133.76187133789062,4.247154235839844,0.0,1.227264404296875,372.4218444824219,RoadOption.LANEFOLLOW
48.12975311279297,-133.74044799804688,4.463956832885742,0.0,1.227264404296875,372.4218444824219,RoadOption.LANEFOLLOW
49.129520416259766,-133.71902465820312,4.680758953094482,0.0,1.227264404296875,372.4218444824219,RoadOption.LANEFOLLOW
50.12929153442383,-133.69761657714844,4.897561073303223,0.0,1.227264404296875,372.4218444824219,RoadOption.LANEFOLLOW
51.12906265258789,-133.6761932373047,5.114363193511963,0.0,1.227264404296875,372.4218444824219,RoadOption.LANEFOLLOW
52.12882995605469,-133.65476989746094,5.331165313720703,0.0,1.227264404296875,372.4218444824219,RoadOption.LANEFOLLOW
53.12860107421875,-133.63336181640625,5.547967433929443,0.0,1.227264404296875,372.4218444824219,RoadOption.LANEFOLLOW
54.12837219238281,-133.6119384765625,5.764769554138184,0.0,1.227264404296875,372.4218444824219,RoadOption.LANEFOLLOW
55.128143310546875,-133.59051513671875,5.980748176574707,0.0,1.227264404296875,372.1759338378906,RoadOption.LANEFOLLOW
56.12791442871094,-133.56910705566406,6.187666893005371,0.0,1.227264404296875,371.53521728515625,RoadOption.LANEFOLLOW
57.127685546875,-133.5476837158203,6.383403301239014,0.0,1.227264404296875,370.8945007324219,RoadOption.LANEFOLLOW
58.12745666503906,-133.52626037597656,6.567956924438477,0.0,1.227264404296875,370.2538146972656,RoadOption.LANEFOLLOW
59.127227783203125,-133.50485229492188,6.741328239440918,0.0,1.227264404296875,369.61309814453125,RoadOption.LANEFOLLOW
60.12699890136719,-133.48342895507812,6.903517246246338,0.0,1.227264404296875,368.9723815917969,RoadOption.LANEFOLLOW
61.12677001953125,-133.46200561523438,7.054523468017578,0.0,1.227264404296875,368.3316650390625,RoadOption.LANEFOLLOW
62.12654113769531,-133.4405975341797,7.194347381591797,0.0,1.227264404296875,367.6909484863281,RoadOption.LANEFOLLOW
63.12630844116211,-133.41917419433594,7.322988986968994,0.0,1.227264404296875,367.0502624511719,RoadOption.LANEFOLLOW
64.12608337402344,-133.3977508544922,7.440447807312012,0.0,1.227264404296875,366.4095458984375,RoadOption.LANEFOLLOW
65.12584686279297,-133.3763427734375,7.546724319458008,0.0,1.227264404296875,365.7688293457031,RoadOption.LANEFOLLOW
66.12561798095703,-133.35491943359375,7.641818046569824,0.0,1.227264404296875,365.12811279296875,RoadOption.LANEFOLLOW
67.1253890991211,-133.33349609375,7.725729465484619,0.0,1.227264404296875,364.4874267578125,RoadOption.LANEFOLLOW
68.12516021728516,-133.3120880126953,7.798458576202393,0.0,1.227264404296875,363.8467102050781,RoadOption.LANEFOLLOW
69.12493133544922,-133.29066467285156,7.860004901885986,0.0,1.227264404296875,363.20599365234375,RoadOption.LANEFOLLOW
70.76455688476562,-133.2555389404297,7.936733245849609,0.0,1.227264404296875,362.1552429199219,RoadOption.LANEFOLLOW
70.76456451416016,-133.2555389404297,7.936733245849609,0.0,1.227264404296875,362.1552429199219,RoadOption.LEFT
71.76433563232422,-133.23411560058594,7.9687581062316895,0.0,1.227264404296875,361.5145263671875,RoadOption.LEFT
72.76409912109375,-133.21270751953125,7.98960018157959,0.0,1.227264404296875,360.8738098144531,RoadOption.LEFT
73.83574676513672,-133.19984436035156,8.0014066696167,0.0,-1.12396240234375,360.630126953125,RoadOption.LEFT
75.00343322753906,-133.27989196777344,8.012404441833496,0.0,-6.718994140625,360.630126953125,RoadOption.LEFT
76.15775299072266,-133.47340393066406,8.023428916931152,0.0,-12.31402587890625,360.6971130371094,RoadOption.LEFT
77.28770446777344,-133.7785186767578,8.048791885375977,0.0,-17.9090576171875,362.2093505859375,RoadOption.LEFT
78.38253021240234,-134.1923828125,8.100549697875977,0.0,-23.504104614257812,363.7215576171875,RoadOption.LEFT
79.4317855834961,-134.7109832763672,8.174921989440918,0.0,-29.099136352539062,364.4246826171875,RoadOption.LEFT
80.42547607421875,-135.3294219970703,8.25214672088623,0.0,-34.69416809082031,364.4246826171875,RoadOption.LEFT
81.35413360595703,-136.0417938232422,8.329337120056152,0.0,-40.289215087890625,364.30859375,RoadOption.LEFT
82.20894622802734,-136.84133911132812,8.374993324279785,0.0,-45.885223388671875,360.92327880859375,RoadOption.LEFT
82.98171997070312,-137.72048950195312,8.361565589904785,0.0,-51.482452392578125,357.5379943847656,RoadOption.LEFT
83.66505432128906,-138.6707763671875,8.297198295593262,0.0,-57.079681396484375,355.93017578125,RoadOption.LEFT
84.25245666503906,-139.68321228027344,8.226165771484375,0.0,-62.6768798828125,355.93017578125,RoadOption.LEFT
84.7383041381836,-140.74810791015625,8.155134201049805,0.0,-68.27410888671875,355.93017578125,RoadOption.LEFT
85.11798095703125,-141.85531616210938,8.084102630615234,0.0,-73.87130737304688,355.93017578125,RoadOption.LEFT
85.38784790039062,-142.99427795410156,8.013070106506348,0.0,-79.46853637695312,355.93017578125,RoadOption.LEFT
85.54534149169922,-144.15411376953125,7.942038059234619,0.0,-85.06573486328125,355.93017578125,RoadOption.LEFT
85.5992660522461,-145.2422332763672,7.870092391967773,0.0,272.02410888671875,355.5575866699219,RoadOption.LEFT
85.63458251953125,-146.24160766601562,7.780989170074463,0.0,272.02410888671875,354.23187255859375,RoadOption.LEFT
85.67339324951172,-147.33970642089844,7.656403064727783,0.0,272.02410888671875,352.77520751953125,RoadOption.LEFT
85.67339324951172,-147.33970642089844,7.656403064727783,0.0,272.02410888671875,352.77520751953125,RoadOption.LANEFOLLOW
85.7087173461914,-148.33908081054688,7.519249439239502,0.0,272.02410888671875,351.7282409667969,RoadOption.LANEFOLLOW
85.74403381347656,-149.3384552001953,7.374879837036133,0.0,272.02410888671875,351.7282409667969,RoadOption.LANEFOLLOW
85.77935791015625,-150.33782958984375,7.230510234832764,0.0,272.02410888671875,351.7282409667969,RoadOption.LANEFOLLOW
85.8146743774414,-151.33721923828125,7.0861406326293945,0.0,272.02410888671875,351.7282409667969,RoadOption.LANEFOLLOW
85.84998321533203,-152.33750915527344,6.941771030426025,0.0,271.99365234375,351.7282409667969,RoadOption.LANEFOLLOW
85.8838882446289,-153.34042358398438,6.797401428222656,0.0,271.8790283203125,351.7282409667969,RoadOption.LANEFOLLOW
85.9157943725586,-154.3434295654297,6.653031826019287,0.0,271.76446533203125,351.7282409667969,RoadOption.LANEFOLLOW
85.94568634033203,-155.3464813232422,6.508662223815918,0.0,271.64984130859375,351.7282409667969,RoadOption.LANEFOLLOW
85.97355651855469,-156.34959411621094,6.364292621612549,0.0,271.5352783203125,351.7282409667969,RoadOption.LANEFOLLOW
85.99946594238281,-157.35276794433594,6.219653606414795,0.0,271.4206848144531,351.5640563964844,RoadOption.LANEFOLLOW
86.0233154296875,-158.35597229003906,6.064804553985596,0.0,271.30609130859375,350.69158935546875,RoadOption.LANEFOLLOW
86.04518127441406,-159.35923767089844,5.894729137420654,0.0,271.1914978027344,349.81915283203125,RoadOption.LANEFOLLOW
86.06505584716797,-160.362548828125,5.709425926208496,0.0,271.076904296875,348.9466857910156,RoadOption.LANEFOLLOW
86.08291625976562,-161.36587524414062,5.5088958740234375,0.0,270.9623107910156,348.0742492675781,RoadOption.LANEFOLLOW
86.0987777709961,-162.36924743652344,5.29313850402832,0.0,270.84771728515625,347.2017822265625,RoadOption.LANEFOLLOW
86.11261749267578,-163.37266540527344,5.0621538162231445,0.0,270.7331237792969,346.329345703125,RoadOption.LANEFOLLOW
86.12444305419922,-164.37608337402344,4.815942287445068,0.0,270.6185302734375,345.4568786621094,RoadOption.LANEFOLLOW
86.13426971435547,-165.37953186035156,4.554503440856934,0.0,270.5039367675781,344.5844421386719,RoadOption.LANEFOLLOW
86.1421127319336,-166.3830108642578,4.277837753295898,0.0,270.38934326171875,343.71197509765625,RoadOption.LANEFOLLOW
86.1479263305664,-167.38648986816406,3.9859445095062256,0.0,270.2747802734375,342.83953857421875,RoadOption.LANEFOLLOW
86.15172576904297,-168.38998413085938,3.6788241863250732,0.0,270.16015625,341.9670715332031,RoadOption.LANEFOLLOW
86.1543960571289,-169.39019775390625,3.3564767837524414,0.0,270.153564453125,341.0946350097656,RoadOption.LANEFOLLOW
86.15707397460938,-170.39019775390625,3.018902063369751,0.0,270.153564453125,340.22216796875,RoadOption.LANEFOLLOW
86.15975189208984,-171.3901824951172,2.666100263595581,0.0,270.153564453125,339.3497314453125,RoadOption.LANEFOLLOW
86.16243743896484,-172.3901824951172,2.2980713844299316,0.0,270.153564453125,338.4772644042969,RoadOption.LANEFOLLOW
86.16511535644531,-173.3901824951172,1.9148151874542236,0.0,270.153564453125,337.6048278808594,RoadOption.LANEFOLLOW
86.16779327392578,-174.3901824951172,1.5163319110870361,0.0,270.153564453125,336.73236083984375,RoadOption.LANEFOLLOW
86.17047119140625,-175.39016723632812,1.130366325378418,0.0,270.153564453125,339.3467102050781,RoadOption.LANEFOLLOW
86.17315673828125,-176.39016723632812,0.7956554889678955,0.0,270.153564453125,342.2982482910156,RoadOption.LANEFOLLOW
86.17583465576172,-177.39016723632812,0.5124590396881104,0.0,270.153564453125,345.24981689453125,RoadOption.LANEFOLLOW
86.17851257324219,-178.39016723632812,0.28077688813209534,0.0,270.153564453125,348.20135498046875,RoadOption.LANEFOLLOW
86.18119812011719,-179.39015197753906,0.10060904175043106,0.0,270.153564453125,351.1529235839844,RoadOption.LANEFOLLOW
86.18387603759766,-180.39015197753906,-0.028044482693076134,0.0,270.153564453125,354.1044616699219,RoadOption.LANEFOLLOW
86.18910217285156,-182.3401641845703,-0.13075079023838043,0.0,270.153564453125,359.8600158691406,RoadOption.LANEFOLLOW
86.18910217285156,-182.3401641845703,-0.13075079023838043,0.0,270.153564453125,359.8600158691406,RoadOption.RIGHT
86.19178009033203,-183.3401641845703,-0.12467948347330093,0.0,270.153564453125,360.3966369628906,RoadOption.RIGHT
86.1944580078125,-184.34014892578125,-0.117756687104702,0.0,270.153564453125,360.3966369628906,RoadOption.RIGHT
86.2055435180664,-185.2456817626953,-0.11083389818668365,0.0,-86.76934814453125,360.3966369628906,RoadOption.RIGHT
86.29884338378906,-186.0137481689453,-0.10391110926866531,0.0,-79.37850952148438,360.3966369628906,RoadOption.RIGHT
86.49017333984375,-186.76344299316406,-0.09698831290006638,0.0,-71.98768615722656,360.3966369628906,RoadOption.RIGHT
86.77635192871094,-187.4822998046875,-0.09004514664411545,0.0,-64.59684753417969,360.4189147949219,RoadOption.RIGHT
87.15262603759766,-188.1583709716797,-0.08088263869285583,0.0,-57.20603942871094,360.63104248046875,RoadOption.RIGHT
87.61273956298828,-188.78041076660156,-0.0680176243185997,0.0,-49.81520080566406,360.8431701660156,RoadOption.RIGHT
88.1490478515625,-189.33810424804688,-0.051714543253183365,0.0,-42.42437744140625,360.9751281738281,RoadOption.RIGHT
88.76232147216797,-189.8297119140625,-0.03469514101743698,0.0,-35.4351806640625,360.9751281738281,RoadOption.RIGHT
89.47319793701172,-190.2902069091797,-0.01800518110394478,0.0,-30.434738159179688,360.85894775390625,RoadOption.RIGHT
90.22151184082031,-190.68701171875,-0.006134215742349625,0.0,-25.434326171875,360.5013732910156,RoadOption.RIGHT
91.00155639648438,-191.01705932617188,-0.0005044104764238,0.0,-20.433883666992188,360.1437683105469,RoadOption.RIGHT
91.80740356445312,-191.27786254882812,0.0,0.0,-15.433456420898438,360.0,RoadOption.RIGHT
92.63291931152344,-191.46743774414062,0.0,0.0,-10.433029174804688,360.0,RoadOption.RIGHT
93.47181701660156,-191.58433532714844,0.0,0.0,-5.4326019287109375,360.0,RoadOption.RIGHT
94.31771087646484,-191.62765502929688,0.0,0.0,-0.4321746826171875,360.0,RoadOption.RIGHT
95.26071166992188,-191.60916137695312,0.0,0.0,1.4395599365234375,360.0,RoadOption.RIGHT
97.16707611083984,-191.56126403808594,0.0,0.0,1.4395599365234375,360.0,RoadOption.RIGHT
97.16707611083984,-191.56126403808594,0.0,0.0,1.4395599365234375,360.0,RoadOption.LANEFOLLOW
98.16676330566406,-191.5361328125,0.0,0.0,1.4395599365234375,360.0,RoadOption.LANEFOLLOW
99.16645050048828,-191.51101684570312,0.0,0.0,1.4395599365234375,360.0,RoadOption.LANEFOLLOW
100.16613006591797,-191.4858856201172,0.0,0.0,1.4395599365234375,360.0,RoadOption.LANEFOLLOW
101.16581726074219,-191.4607696533203,0.0,0.0,1.4395599365234375,360.0,RoadOption.LANEFOLLOW
102.1655044555664,-191.43565368652344,0.0,0.0,1.4395599365234375,360.0,RoadOption.LANEFOLLOW
103.1651840209961,-191.4105224609375,0.0,0.0,1.4395599365234375,360.0,RoadOption.LANEFOLLOW
104.16486358642578,-191.38540649414062,0.0,0.0,1.4395599365234375,360.0,RoadOption.LANEFOLLOW
105.16455841064453,-191.3602752685547,0.0,0.0,1.4395599365234375,360.0,RoadOption.LANEFOLLOW
106.16423797607422,-191.3351593017578,0.0,0.0,1.4395599365234375,360.0,RoadOption.LANEFOLLOW
107.1639175415039,-191.31004333496094,0.0,0.0,1.4395599365234375,360.0,RoadOption.LANEFOLLOW
108.16360473632812,-191.284912109375,0.0,0.0,1.4395599365234375,360.0,RoadOption.LANEFOLLOW
109.16329193115234,-191.25979614257812,0.0,0.0,1.4395599365234375,360.0,RoadOption.LANEFOLLOW
110.16297149658203,-191.2346649169922,0.0,0.0,1.4395599365234375,360.0,RoadOption.LANEFOLLOW
111.16265869140625,-191.2095489501953,0.0,0.0,1.4395599365234375,360.0,RoadOption.LANEFOLLOW
112.16234588623047,-191.18441772460938,0.0,0.0,1.4395599365234375,360.0,RoadOption.LANEFOLLOW
113.16202545166016,-191.1593017578125,0.0,0.0,1.4395599365234375,360.0,RoadOption.LANEFOLLOW
114.16171264648438,-191.13418579101562,0.0,0.0,1.4395599365234375,360.0,RoadOption.LANEFOLLOW
115.1613998413086,-191.1090545654297,0.0,0.0,1.4395599365234375,360.0,RoadOption.LANEFOLLOW
116.16107940673828,-191.0839385986328,0.0,0.0,1.4395599365234375,360.0,RoadOption.LANEFOLLOW
117.1607666015625,-191.05880737304688,0.0,0.0,1.4395599365234375,360.0,RoadOption.LANEFOLLOW
118.16045379638672,-191.03369140625,0.0,0.0,1.4395599365234375,360.0,RoadOption.LANEFOLLOW
119.1601333618164,-191.00857543945312,0.0,0.0,1.4395599365234375,360.0,RoadOption.LANEFOLLOW
120.15982055664062,-190.9834442138672,0.0,0.0,1.4395599365234375,360.0,RoadOption.LANEFOLLOW
121.15950775146484,-190.9583282470703,0.0,0.0,1.4395599365234375,360.0,RoadOption.LANEFOLLOW
122.15918731689453,-190.93319702148438,0.0,0.0,1.4395599365234375,360.0,RoadOption.LANEFOLLOW
123.15887451171875,-190.9080810546875,0.0,0.0,1.4395599365234375,360.0,RoadOption.LANEFOLLOW
124.15855407714844,-190.88296508789062,0.0,0.0,1.4395599365234375,360.0,RoadOption.LANEFOLLOW
125.15824127197266,-190.8578338623047,0.0,0.0,1.4395599365234375,360.0,RoadOption.LANEFOLLOW
126.15792846679688,-190.8327178955078,0.0,0.0,1.4395599365234375,360.0,RoadOption.LANEFOLLOW
127.15760803222656,-190.80758666992188,0.0,0.0,1.4395599365234375,360.0,RoadOption.LANEFOLLOW
128.15728759765625,-190.782470703125,0.0,0.0,1.4395599365234375,360.0,RoadOption.LANEFOLLOW
129.15696716308594,-190.75735473632812,0.0,0.0,1.4395599365234375,360.0,RoadOption.LANEFOLLOW
130.1566619873047,-190.7322235107422,0.0,0.0,1.4395599365234375,360.0,RoadOption.LANEFOLLOW
131.15634155273438,-190.7071075439453,0.0,0.0,1.4395599365234375,360.0,RoadOption.LANEFOLLOW
132.15602111816406,-190.68197631835938,0.0,0.0,1.4395599365234375,360.0,RoadOption.LANEFOLLOW
133.15570068359375,-190.6568603515625,0.0,0.0,1.4395599365234375,360.0,RoadOption.LANEFOLLOW
134.1553955078125,-190.63172912597656,0.0,0.0,1.4395599365234375,360.0,RoadOption.LANEFOLLOW
135.1550750732422,-190.6066131591797,0.0,0.0,1.4395599365234375,360.0,RoadOption.LANEFOLLOW
136.15475463867188,-190.5814971923828,0.0,0.0,1.4395599365234375,360.0,RoadOption.LANEFOLLOW
137.15444946289062,-190.55636596679688,0.0,0.0,1.4395599365234375,360.0,RoadOption.LANEFOLLOW
138.1541290283203,-190.53125,0.0,0.0,1.4395599365234375,360.0,RoadOption.LANEFOLLOW
139.15380859375,-190.50611877441406,0.0,0.0,1.4395599365234375,360.0,RoadOption.LANEFOLLOW
140.56336975097656,-190.470703125,0.0,0.0,-358.5604248046875,360.0,RoadOption.LANEFOLLOW
140.56336975097656,-190.470703125,0.0,0.0,-358.5604248046875,360.0,RoadOption.STRAIGHT
141.56304931640625,-190.44557189941406,0.0,0.0,-358.5604248046875,360.0,RoadOption.STRAIGHT
142.56272888183594,-190.4204559326172,0.0,0.0,-358.5604248046875,360.0,RoadOption.STRAIGHT
143.56243896484375,-190.39532470703125,0.0,0.0,1.4395599365234375,360.0,RoadOption.STRAIGHT
144.56211853027344,-190.37020874023438,0.0,0.0,1.4395599365234375,360.0,RoadOption.STRAIGHT
145.62985229492188,-190.35916137695312,0.0,0.0,-0.7834320068359375,360.0,RoadOption.STRAIGHT
146.71994018554688,-190.4024658203125,0.0,0.0,-3.765167236328125,360.0,RoadOption.STRAIGHT
147.80630493164062,-190.50238037109375,0.0,0.0,-6.7469024658203125,360.0,RoadOption.STRAIGHT
148.88600158691406,-190.65870666503906,0.0,0.0,-9.728622436523438,360.0,RoadOption.STRAIGHT
149.9561004638672,-190.87095642089844,0.0,0.0,-12.710357666015625,360.0,RoadOption.STRAIGHT
151.01370239257812,-191.13861083984375,0.0,0.0,-15.692092895507812,360.0,RoadOption.STRAIGHT
152.05596923828125,-191.46090698242188,0.0,0.0,-18.673828125,360.0,RoadOption.STRAIGHT
153.08004760742188,-191.83697509765625,0.0,0.0,-21.655563354492188,360.0,RoadOption.STRAIGHT
154.071533203125,-192.26022338867188,0.0,0.0,-24.214859008789062,360.0,RoadOption.STRAIGHT
154.91412353515625,-192.6145782470703,0.0,0.0,-21.404403686523438,360.0,RoadOption.STRAIGHT
155.77305603027344,-192.92718505859375,0.0,0.0,-18.593948364257812,360.0,RoadOption.STRAIGHT
156.64630126953125,-193.19732666015625,0.0,0.0,-15.783477783203125,360.0,RoadOption.STRAIGHT
157.53175354003906,-193.42430114746094,0.0,0.0,-12.9730224609375,360.0,RoadOption.STRAIGHT
158.42724609375,-193.6075897216797,0.0,0.0,-10.162567138671875,360.0,RoadOption.STRAIGHT
159.33065795898438,-193.74676513671875,0.0,0.0,-7.35211181640625,360.0,RoadOption.STRAIGHT
160.23980712890625,-193.84146118164062,0.0,0.0,-4.5416412353515625,360.0,RoadOption.STRAIGHT
161.1525115966797,-193.8914794921875,0.0,0.0,-1.7311859130859375,360.0,RoadOption.STRAIGHT
162.09954833984375,-193.89999389648438,0.0,0.0,0.0,360.0,RoadOption.STRAIGHT
163.09954833984375,-193.89999389648438,0.0,0.0,0.0,360.0,RoadOption.STRAIGHT
164.0996856689453,-193.89999389648438,0.0,0.0,0.0,360.0,RoadOption.STRAIGHT
165.0996856689453,-193.89999389648438,0.0,0.0,0.0,360.0,RoadOption.STRAIGHT
166.20999145507812,-193.89999389648438,0.0,0.0,-0.0,0.0,RoadOption.STRAIGHT
166.20999145507812,-193.89999389648438,0.0,0.0,-0.0,0.0,RoadOption.LANEFOLLOW
167.20999145507812,-193.89999389648438,0.0,0.0,-0.0,0.0,RoadOption.LANEFOLLOW
168.20999145507812,-193.89999389648438,0.0,0.0,-0.0,0.0,RoadOption.LANEFOLLOW
169.20999145507812,-193.89999389648438,0.0,0.0,-0.0,0.0,RoadOption.LANEFOLLOW
170.20999145507812,-193.89999389648438,0.0,0.0,-0.0,0.0,RoadOption.LANEFOLLOW
171.20999145507812,-193.89999389648438,0.0,0.0,-0.0,0.0,RoadOption.LANEFOLLOW
172.20999145507812,-193.89999389648438,0.0,0.0,-0.0,0.0,RoadOption.LANEFOLLOW
173.20999145507812,-193.89999389648438,0.0,0.0,-0.0,0.0,RoadOption.LANEFOLLOW
174.20999145507812,-193.89999389648438,0.0,0.0,-0.0,0.0,RoadOption.LANEFOLLOW
175.20999145507812,-193.89999389648438,0.0,0.0,-0.0,0.0,RoadOption.LANEFOLLOW
176.20999145507812,-193.89999389648438,0.0,0.0,-0.0,0.0,RoadOption.LANEFOLLOW
177.20999145507812,-193.89999389648438,0.0,0.0,-0.0,0.0,RoadOption.LANEFOLLOW
178.20999145507812,-193.89999389648438,0.0,0.0,-0.0,0.0,RoadOption.LANEFOLLOW
179.20999145507812,-193.89999389648438,0.0,0.0,-0.0,0.0,RoadOption.LANEFOLLOW
180.20999145507812,-193.89999389648438,0.0,0.0,-0.0,0.0,RoadOption.LANEFOLLOW
181.20999145507812,-193.89999389648438,0.0,0.0,-0.0,0.0,RoadOption.LANEFOLLOW
182.20999145507812,-193.89999389648438,0.0,0.0,-0.0,0.0,RoadOption.LANEFOLLOW
183.20999145507812,-193.89999389648438,0.0,0.0,-0.0,0.0,RoadOption.LANEFOLLOW
184.20999145507812,-193.89999389648438,0.0,0.0,-0.0,0.0,RoadOption.LANEFOLLOW
185.20999145507812,-193.89999389648438,0.0,0.0,-0.0,0.0,RoadOption.LANEFOLLOW
186.20999145507812,-193.89999389648438,0.0,0.0,-0.0,0.0,RoadOption.LANEFOLLOW
187.20999145507812,-193.89999389648438,0.0,0.0,-0.0,0.0,RoadOption.LANEFOLLOW
188.20999145507812,-193.89999389648438,0.0,0.0,-0.0,0.0,RoadOption.LANEFOLLOW
189.20999145507812,-193.89999389648438,0.0,0.0,-0.0,0.0,RoadOption.LANEFOLLOW
190.20999145507812,-193.89999389648438,0.0,0.0,-0.0,0.0,RoadOption.LANEFOLLOW
191.20999145507812,-193.89999389648438,0.0,0.0,-0.0,0.0,RoadOption.LANEFOLLOW
192.20999145507812,-193.89999389648438,0.0,0.0,-0.0,0.0,RoadOption.LANEFOLLOW
193.20999145507812,-193.89999389648438,0.0,0.0,-0.0,0.0,RoadOption.LANEFOLLOW
194.20999145507812,-193.89999389648438,0.0,0.0,-0.0,0.0,RoadOption.LANEFOLLOW
195.20999145507812,-193.89999389648438,0.0,0.0,-0.0,0.0,RoadOption.LANEFOLLOW
196.20999145507812,-193.89999389648438,0.0,0.0,-0.0,0.0,RoadOption.LANEFOLLOW
197.20999145507812,-193.89999389648438,0.0,0.0,-0.0,0.0,RoadOption.LANEFOLLOW
198.20999145507812,-193.89999389648438,0.0,0.0,-0.0,0.0,RoadOption.LANEFOLLOW
199.1338348388672,-193.89886474609375,0.0,0.0,0.49880948662757874,0.0,RoadOption.LANEFOLLOW
199.90907287597656,-193.88214111328125,0.0,0.0,1.9691576957702637,0.0,RoadOption.LANEFOLLOW
200.68365478515625,-193.84556579589844,0.0,0.0,3.4395058155059814,0.0,RoadOption.LANEFOLLOW
201.45701599121094,-193.78912353515625,0.0,0.0,4.909854412078857,0.0,RoadOption.LANEFOLLOW
202.2286834716797,-193.7128448486328,0.0,0.0,6.380202293395996,0.0,RoadOption.LANEFOLLOW
202.99815368652344,-193.61680603027344,0.0,0.0,7.850550651550293,0.0,RoadOption.LANEFOLLOW
203.764892578125,-193.50103759765625,0.0,0.0,9.32089900970459,0.0,RoadOption.LANEFOLLOW
204.52841186523438,-193.36561584472656,0.0,0.0,10.791247367858887,0.0,RoadOption.LANEFOLLOW
205.2882080078125,-193.21067810058594,0.0,0.0,12.261594772338867,0.0,RoadOption.LANEFOLLOW
206.0437774658203,-193.03628540039062,0.0,0.0,13.731943130493164,0.0,RoadOption.LANEFOLLOW
206.79461669921875,-192.8425750732422,0.0,0.0,15.202292442321777,0.0,RoadOption.LANEFOLLOW
207.54025268554688,-192.629638671875,0.0,0.0,16.672639846801758,0.0,RoadOption.LANEFOLLOW
208.28016662597656,-192.3976593017578,0.0,0.0,18.142988204956055,0.0,RoadOption.LANEFOLLOW
209.01388549804688,-192.1467742919922,0.0,0.0,19.61333656311035,0.0,RoadOption.LANEFOLLOW
209.7409210205078,-191.87710571289062,0.0,0.0,21.08368492126465,0.0,RoadOption.LANEFOLLOW
210.4608154296875,-191.5889129638672,0.0,0.0,22.554033279418945,0.0,RoadOption.LANEFOLLOW
211.17306518554688,-191.28231811523438,0.0,0.0,24.024381637573242,0.0,RoadOption.LANEFOLLOW
211.87721252441406,-190.9575653076172,0.0,0.0,25.49472999572754,0.0,RoadOption.LANEFOLLOW
212.5727996826172,-190.61485290527344,0.0,0.0,26.965078353881836,0.0,RoadOption.LANEFOLLOW
213.2593536376953,-190.25437927246094,0.0,0.0,28.435426712036133,0.0,RoadOption.LANEFOLLOW
213.9364471435547,-189.8764190673828,0.0,0.0,29.905773162841797,0.0,RoadOption.LANEFOLLOW
214.60360717773438,-189.48121643066406,0.0,0.0,31.376121520996094,0.0,RoadOption.LANEFOLLOW
215.2604217529297,-189.0690460205078,0.0,0.0,32.84646987915039,0.0,RoadOption.LANEFOLLOW
215.90643310546875,-188.64012145996094,0.0,0.0,34.31681823730469,0.0,RoadOption.LANEFOLLOW
216.5412139892578,-188.19476318359375,0.0,0.0,35.787166595458984,0.0,RoadOption.LANEFOLLOW
217.16436767578125,-187.73329162597656,0.0,0.0,37.25751495361328,0.0,RoadOption.LANEFOLLOW
217.77548217773438,-187.25596618652344,0.0,0.0,38.72786331176758,0.0,RoadOption.LANEFOLLOW
218.3741455078125,-186.7631072998047,0.0,0.0,40.198211669921875,0.0,RoadOption.LANEFOLLOW
218.9599609375,-186.25506591796875,0.0,0.0,41.66856002807617,0.0,RoadOption.LANEFOLLOW
219.53256225585938,-185.73214721679688,0.0,0.0,43.13890838623047,0.0,RoadOption.LANEFOLLOW
220.091552734375,-185.19471740722656,0.0,0.0,44.609256744384766,0.0,RoadOption.LANEFOLLOW
220.63653564453125,-184.6431121826172,0.0,0.0,46.07960510253906,0.0,RoadOption.LANEFOLLOW
221.16722106933594,-184.0777130126953,0.0,0.0,47.54995346069336,0.0,RoadOption.LANEFOLLOW
221.68321228027344,-183.49888610839844,0.0,0.0,49.020301818847656,0.0,RoadOption.LANEFOLLOW
222.18417358398438,-182.90699768066406,0.0,0.0,50.49065017700195,0.0,RoadOption.LANEFOLLOW
222.66978454589844,-182.30245971679688,0.0,0.0,51.96099853515625,0.0,RoadOption.LANEFOLLOW
223.13973999023438,-181.68565368652344,0.0,0.0,53.43134689331055,0.0,RoadOption.LANEFOLLOW
223.59368896484375,-181.05699157714844,0.0,0.0,54.901695251464844,0.0,RoadOption.LANEFOLLOW
224.03138732910156,-180.41688537597656,0.0,0.0,56.372039794921875,0.0,RoadOption.LANEFOLLOW
224.45249938964844,-179.76577758789062,0.0,0.0,57.84238815307617,0.0,RoadOption.LANEFOLLOW
224.8567657470703,-179.10406494140625,0.0,0.0,59.31273651123047,0.0,RoadOption.LANEFOLLOW
225.24392700195312,-178.43218994140625,0.0,0.0,60.783084869384766,0.0,RoadOption.LANEFOLLOW
225.61917114257812,-177.74034118652344,0.0,0.0,62.17742156982422,0.0,RoadOption.LANEFOLLOW
226.0360107421875,-176.9397430419922,0.0,0.0,62.81502151489258,0.0,RoadOption.LANEFOLLOW
226.44390869140625,-176.13455200195312,0.0,0.0,63.45261764526367,0.0,RoadOption.LANEFOLLOW
226.8428192138672,-175.32485961914062,0.0,0.0,64.09021759033203,0.0,RoadOption.LANEFOLLOW
227.23269653320312,-174.5107879638672,0.0,0.0,64.72781372070312,0.0,RoadOption.LANEFOLLOW
227.61351013183594,-173.69241333007812,0.0,0.0,65.36540985107422,0.0,RoadOption.LANEFOLLOW
227.9851837158203,-172.86985778808594,0.0,0.0,66.00301361083984,0.0,RoadOption.LANEFOLLOW
228.34768676757812,-172.04322814941406,0.0,0.0,66.64060974121094,0.0,RoadOption.LANEFOLLOW
228.70094299316406,-171.21261596679688,0.0,0.0,67.27820587158203,0.0,RoadOption.LANEFOLLOW
229.04495239257812,-170.37811279296875,0.0,0.0,67.91580200195312,0.0,RoadOption.LANEFOLLOW
229.379638671875,-169.5398406982422,0.0,0.0,68.55340576171875,0.0,RoadOption.LANEFOLLOW
229.70498657226562,-168.69789123535156,0.0,0.0,69.19100189208984,0.0,RoadOption.LANEFOLLOW
230.02096557617188,-167.8523712158203,0.0,0.0,69.82859802246094,0.0,RoadOption.LANEFOLLOW
230.32749938964844,-167.00338745117188,0.0,0.0,70.46619415283203,0.0,RoadOption.LANEFOLLOW
230.6245574951172,-166.15106201171875,0.0,0.0,71.10379791259766,0.0,RoadOption.LANEFOLLOW
230.91212463378906,-165.29547119140625,0.0,0.0,71.74139404296875,0.0,RoadOption.LANEFOLLOW
231.19015502929688,-164.43670654296875,0.0,0.0,72.37898254394531,0.0,RoadOption.LANEFOLLOW
231.45858764648438,-163.57493591308594,0.0,0.0,73.01658630371094,0.0,RoadOption.LANEFOLLOW
231.71743774414062,-162.71023559570312,0.0,0.0,73.65418243408203,0.0,RoadOption.LANEFOLLOW
231.96665954589844,-161.8426971435547,0.0,0.0,74.29177856445312,0.0,RoadOption.LANEFOLLOW
232.20619201660156,-160.97242736816406,0.0,0.0,74.92937469482422,0.0,RoadOption.LANEFOLLOW
232.43601989746094,-160.09954833984375,0.0,0.0,75.56697845458984,0.0,RoadOption.LANEFOLLOW
232.6561279296875,-159.22418212890625,0.0,0.0,76.20457458496094,0.0,RoadOption.LANEFOLLOW
232.86648559570312,-158.34640502929688,0.0,0.0,76.84217071533203,0.0,RoadOption.LANEFOLLOW
233.0670623779297,-157.4663543701172,0.0,0.0,77.47976684570312,0.0,RoadOption.LANEFOLLOW
233.25782775878906,-156.58413696289062,0.0,0.0,78.11737060546875,0.0,RoadOption.LANEFOLLOW
233.4387664794922,-155.69981384277344,0.0,0.0,78.75496673583984,0.0,RoadOption.LANEFOLLOW
233.60986328125,-154.81356811523438,0.0,0.0,79.39256286621094,0.0,RoadOption.LANEFOLLOW
233.77108764648438,-153.92544555664062,0.0,0.0,80.03015899658203,0.0,RoadOption.LANEFOLLOW
233.92239379882812,-153.03561401367188,0.0,0.0,80.66776275634766,0.0,RoadOption.LANEFOLLOW
234.06381225585938,-152.1441192626953,0.0,0.0,81.30535888671875,0.0,RoadOption.LANEFOLLOW
234.19528198242188,-151.25111389160156,0.0,0.0,81.94295501708984,0.0,RoadOption.LANEFOLLOW
234.3168182373047,-150.35671997070312,0.0,0.0,82.58055114746094,0.0,RoadOption.LANEFOLLOW
234.4283905029297,-149.46102905273438,0.0,0.0,83.21815490722656,0.0,RoadOption.LANEFOLLOW
234.52999877929688,-148.56411743164062,0.0,0.0,83.85575103759766,0.0,RoadOption.LANEFOLLOW
234.6216278076172,-147.66616821289062,0.0,0.0,84.49334716796875,0.0,RoadOption.LANEFOLLOW
234.7032470703125,-146.76724243164062,0.0,0.0,85.13095092773438,0.0,RoadOption.LANEFOLLOW
234.7748260498047,-145.86746215820312,0.0,0.0,85.76854705810547,0.0,RoadOption.LANEFOLLOW
234.83642578125,-144.96694946289062,0.0,0.0,86.40614318847656,0.0,RoadOption.LANEFOLLOW
234.8879852294922,-144.06578063964844,0.0,0.0,87.04373931884766,0.0,RoadOption.LANEFOLLOW
234.92953491210938,-143.16412353515625,0.0,0.0,87.68134307861328,0.0,RoadOption.LANEFOLLOW
234.96102905273438,-142.26205444335938,0.0,0.0,88.31893920898438,0.0,RoadOption.LANEFOLLOW
234.98248291015625,-141.35968017578125,0.0,0.0,88.95652770996094,0.0,RoadOption.LANEFOLLOW
234.99391174316406,-140.45713806152344,0.0,0.0,89.59412384033203,0.0,RoadOption.LANEFOLLOW
234.9952850341797,-139.5545196533203,0.0,0.0,90.23172760009766,0.0,RoadOption.LANEFOLLOW
234.98660278320312,-138.6519317626953,0.0,0.0,90.86932373046875,0.0,RoadOption.LANEFOLLOW
234.96763610839844,-137.7321319580078,0.0,0.0,91.39320373535156,0.0,RoadOption.LANEFOLLOW
234.9433135986328,-136.732421875,0.0,0.0,91.39320373535156,0.0,RoadOption.LANEFOLLOW
234.91900634765625,-135.7327117919922,0.0,0.0,91.39320373535156,0.0,RoadOption.LANEFOLLOW
234.8946990966797,-134.73301696777344,0.0,0.0,91.39320373535156,0.0,RoadOption.LANEFOLLOW
234.87037658691406,-133.73330688476562,0.0,0.0,91.39320373535156,0.0,RoadOption.LANEFOLLOW
234.8460693359375,-132.73361206054688,0.0,0.0,91.39320373535156,0.0,RoadOption.LANEFOLLOW
234.82174682617188,-131.73390197753906,0.0,0.0,91.39320373535156,0.0,RoadOption.LANEFOLLOW
234.7974395751953,-130.73419189453125,0.0,0.0,91.39320373535156,0.0,RoadOption.LANEFOLLOW
234.7731170654297,-129.7344970703125,0.0,0.0,91.39320373535156,0.0,RoadOption.LANEFOLLOW
234.74880981445312,-128.7347869873047,0.0,0.0,91.39320373535156,0.0,RoadOption.LANEFOLLOW
234.72450256347656,-127.73509216308594,0.0,0.0,91.39320373535156,0.0,RoadOption.LANEFOLLOW
234.70018005371094,-126.73538970947266,0.0,0.0,91.39320373535156,0.0,RoadOption.LANEFOLLOW
234.67587280273438,-125.73567962646484,0.0,0.0,91.39320373535156,0.0,RoadOption.LANEFOLLOW
234.65155029296875,-124.73597717285156,0.0,0.0,91.39320373535156,0.0,RoadOption.LANEFOLLOW
234.6272430419922,-123.73627471923828,0.0,0.0,91.39320373535156,0.0,RoadOption.LANEFOLLOW
234.60292053222656,-122.73656463623047,0.0,0.0,91.39320373535156,0.0,RoadOption.LANEFOLLOW
234.57861328125,-121.73686218261719,0.0,0.0,91.39320373535156,0.0,RoadOption.LANEFOLLOW
234.55430603027344,-120.7371597290039,0.0,0.0,91.39320373535156,0.0,RoadOption.LANEFOLLOW
234.5299835205078,-119.73745727539062,0.0,0.0,91.39320373535156,0.0,RoadOption.LANEFOLLOW
234.50567626953125,-118.73775482177734,0.0,0.0,91.39320373535156,0.0,RoadOption.LANEFOLLOW
234.48135375976562,-117.73804473876953,0.0,0.0,91.39320373535156,0.0,RoadOption.LANEFOLLOW
234.45704650878906,-116.73834228515625,0.0,0.0,91.39320373535156,0.0,RoadOption.LANEFOLLOW
234.4327392578125,-115.73863983154297,0.0,0.0,91.39320373535156,0.0,RoadOption.LANEFOLLOW
234.40841674804688,-114.73892974853516,0.0,0.0,91.39320373535156,0.0,RoadOption.LANEFOLLOW
234.3841094970703,-113.73922729492188,0.0,0.0,91.39320373535156,0.0,RoadOption.LANEFOLLOW
234.3597869873047,-112.7395248413086,0.0,0.0,91.39320373535156,0.0,RoadOption.LANEFOLLOW
234.33547973632812,-111.73982238769531,0.0,0.0,91.39320373535156,0.0,RoadOption.LANEFOLLOW
234.3111572265625,-110.74011993408203,0.0,0.0,91.39320373535156,0.0,RoadOption.LANEFOLLOW
234.28684997558594,-109.74040985107422,0.0,0.0,91.39320373535156,0.0,RoadOption.LANEFOLLOW
234.26254272460938,-108.74070739746094,0.0,0.0,91.39320373535156,0.0,RoadOption.LANEFOLLOW
234.23822021484375,-107.74100494384766,0.0,0.0,91.39320373535156,0.0,RoadOption.LANEFOLLOW
234.2139129638672,-106.74129486083984,0.0,0.0,91.39320373535156,0.0,RoadOption.LANEFOLLOW
234.18959045410156,-105.74159240722656,0.0,0.0,91.39320373535156,0.0,RoadOption.LANEFOLLOW
234.165283203125,-104.74188995361328,0.0,0.0,91.39320373535156,0.0,RoadOption.LANEFOLLOW
234.14096069335938,-103.74217987060547,0.0,0.0,91.39320373535156,0.0,RoadOption.LANEFOLLOW
234.1166534423828,-102.74248504638672,0.0,0.0,91.39320373535156,0.0,RoadOption.LANEFOLLOW
234.09234619140625,-101.7427749633789,0.0,0.0,91.39320373535156,0.0,RoadOption.LANEFOLLOW
234.06802368164062,-100.74307250976562,0.0,0.0,91.39320373535156,0.0,RoadOption.LANEFOLLOW
234.04371643066406,-99.74337005615234,0.0,0.0,91.39320373535156,0.0,RoadOption.LANEFOLLOW
234.01939392089844,-98.74365997314453,0.0,0.0,91.39320373535156,0.0,RoadOption.LANEFOLLOW
233.99508666992188,-97.74395751953125,0.0,0.0,91.39320373535156,0.0,RoadOption.LANEFOLLOW
233.9707794189453,-96.74425506591797,0.0,0.0,91.39320373535156,0.0,RoadOption.LANEFOLLOW
233.9464569091797,-95.74454498291016,0.0,0.0,91.39320373535156,0.0,RoadOption.LANEFOLLOW
233.92214965820312,-94.7448501586914,0.0,0.0,91.39320373535156,0.0,RoadOption.LANEFOLLOW
233.8978271484375,-93.7451400756836,0.0,0.0,91.39320373535156,0.0,RoadOption.LANEFOLLOW
233.87351989746094,-92.74543762207031,0.0,0.0,91.39320373535156,0.0,RoadOption.LANEFOLLOW
233.8491973876953,-91.74573516845703,0.0,0.0,91.39320373535156,0.0,RoadOption.LANEFOLLOW
233.82489013671875,-90.74602508544922,0.0,0.0,91.39320373535156,0.0,RoadOption.LANEFOLLOW
233.8005828857422,-89.74632263183594,0.0,0.0,91.39320373535156,0.0,RoadOption.LANEFOLLOW
233.77626037597656,-88.74662017822266,0.0,0.0,91.39320373535156,0.0,RoadOption.LANEFOLLOW
233.751953125,-87.74691009521484,0.0,0.0,91.39320373535156,0.0,RoadOption.LANEFOLLOW
233.72763061523438,-86.7472152709961,0.0,0.0,91.39320373535156,0.0,RoadOption.LANEFOLLOW
233.7033233642578,-85.74750518798828,0.0,0.0,91.39320373535156,0.0,RoadOption.LANEFOLLOW
233.6790008544922,-84.747802734375,0.0,0.0,91.39320373535156,0.0,RoadOption.LANEFOLLOW
233.65469360351562,-83.74810028076172,0.0,0.0,91.39320373535156,0.0,RoadOption.LANEFOLLOW
233.63038635253906,-82.7483901977539,0.0,0.0,91.39320373535156,0.0,RoadOption.LANEFOLLOW
233.60606384277344,-81.74868774414062,0.0,0.0,91.39320373535156,0.0,RoadOption.LANEFOLLOW
233.58175659179688,-80.74898529052734,0.0,0.0,91.39320373535156,0.0,RoadOption.LANEFOLLOW
233.55743408203125,-79.74927520751953,0.0,0.0,91.39320373535156,0.0,RoadOption.LANEFOLLOW
233.5331268310547,-78.74958038330078,0.0,0.0,91.39320373535156,0.0,RoadOption.LANEFOLLOW
233.50881958007812,-77.74987030029297,0.0,0.0,91.39320373535156,0.0,RoadOption.LANEFOLLOW
233.4844970703125,-76.75016784667969,0.0,0.0,91.39320373535156,0.0,RoadOption.LANEFOLLOW
233.46018981933594,-75.7504653930664,0.0,0.0,91.39320373535156,0.0,RoadOption.LANEFOLLOW
233.4358673095703,-74.7507553100586,0.0,0.0,91.39320373535156,0.0,RoadOption.LANEFOLLOW
233.41156005859375,-73.75105285644531,0.0,0.0,91.39320373535156,0.0,RoadOption.LANEFOLLOW
233.38723754882812,-72.75135040283203,0.0,0.0,91.39320373535156,0.0,RoadOption.LANEFOLLOW
233.36293029785156,-71.75164794921875,0.0,0.0,91.39320373535156,0.0,RoadOption.LANEFOLLOW
233.338623046875,-70.75193786621094,0.0,0.0,91.39320373535156,0.0,RoadOption.LANEFOLLOW
233.31430053710938,-69.75223541259766,0.0,0.0,91.39320373535156,0.0,RoadOption.LANEFOLLOW
233.2899932861328,-68.75253295898438,0.0,0.0,91.39320373535156,0.0,RoadOption.LANEFOLLOW
233.2656707763672,-67.7528305053711,0.0,0.0,91.39320373535156,0.0,RoadOption.LANEFOLLOW
233.24136352539062,-66.75312042236328,0.0,0.0,91.39320373535156,0.0,RoadOption.LANEFOLLOW
233.217041015625,-65.75341796875,0.0,0.0,91.39320373535156,0.0,RoadOption.LANEFOLLOW
233.19273376464844,-64.75371551513672,0.0,0.0,91.39320373535156,0.0,RoadOption.LANEFOLLOW
233.16842651367188,-63.75401306152344,0.0,0.0,91.39320373535156,0.0,RoadOption.LANEFOLLOW
233.14410400390625,-62.754302978515625,0.0,0.0,91.39320373535156,0.0,RoadOption.LANEFOLLOW
233.1197967529297,-61.754600524902344,0.0,0.0,91.39320373535156,0.0,RoadOption.LANEFOLLOW
233.09547424316406,-60.75489807128906,0.0,0.0,91.39320373535156,0.0,RoadOption.LANEFOLLOW
233.0711669921875,-59.75519561767578,0.0,0.0,91.39320373535156,0.0,RoadOption.LANEFOLLOW
233.04685974121094,-58.75548553466797,0.0,0.0,91.39320373535156,0.0,RoadOption.LANEFOLLOW
233.0225372314453,-57.75578308105469,0.0,0.0,91.39320373535156,0.0,RoadOption.LANEFOLLOW
232.99822998046875,-56.756080627441406,0.0,0.0,91.39320373535156,0.0,RoadOption.LANEFOLLOW
232.97390747070312,-55.756378173828125,0.0,0.0,91.39320373535156,0.0,RoadOption.LANEFOLLOW
232.94960021972656,-54.75666809082031,0.0,0.0,91.39320373535156,0.0,RoadOption.LANEFOLLOW
232.92527770996094,-53.75696563720703,0.0,0.0,91.39320373535156,0.0,RoadOption.LANEFOLLOW
232.90097045898438,-52.75726318359375,0.0,0.0,91.39320373535156,0.0,RoadOption.LANEFOLLOW
232.8766632080078,-51.75756072998047,0.0,0.0,91.39320373535156,0.0,RoadOption.LANEFOLLOW
232.8523406982422,-50.757850646972656,0.0,0.0,91.39320373535156,0.0,RoadOption.LANEFOLLOW
232.82803344726562,-49.758148193359375,0.0,0.0,91.39320373535156,0.0,RoadOption.LANEFOLLOW
232.8037109375,-48.758445739746094,0.0,0.0,91.39320373535156,0.0,RoadOption.LANEFOLLOW
232.77940368652344,-47.75874328613281,0.0,0.0,91.39320373535156,0.0,RoadOption.LANEFOLLOW
232.7550811767578,-46.759033203125,0.0,0.0,91.39320373535156,0.0,RoadOption.LANEFOLLOW
232.73077392578125,-45.75933074951172,0.0,0.0,91.39320373535156,0.0,RoadOption.LANEFOLLOW
232.7064666748047,-44.75962829589844,0.0,0.0,91.39320373535156,0.0,RoadOption.LANEFOLLOW
232.68214416503906,-43.759925842285156,0.0,0.0,91.39320373535156,0.0,RoadOption.LANEFOLLOW
232.6578369140625,-42.760215759277344,0.0,0.0,91.39320373535156,0.0,RoadOption.LANEFOLLOW
232.63351440429688,-41.76051330566406,0.0,0.0,91.39320373535156,0.0,RoadOption.LANEFOLLOW
232.6092071533203,-40.76081085205078,0.0,0.0,91.39320373535156,0.0,RoadOption.LANEFOLLOW
232.58489990234375,-39.7611083984375,0.0,0.0,91.39320373535156,0.0,RoadOption.LANEFOLLOW
232.56057739257812,-38.76139831542969,0.0,0.0,91.39320373535156,0.0,RoadOption.LANEFOLLOW
232.53627014160156,-37.761695861816406,0.0,0.0,91.39320373535156,0.0,RoadOption.LANEFOLLOW
232.51194763183594,-36.761993408203125,0.0,0.0,91.39320373535156,0.0,RoadOption.LANEFOLLOW
232.48764038085938,-35.762290954589844,0.0,0.0,91.39320373535156,0.0,RoadOption.LANEFOLLOW
232.46331787109375,-34.76258087158203,0.0,0.0,91.39320373535156,0.0,RoadOption.LANEFOLLOW
232.4390106201172,-33.76287841796875,0.0,0.0,91.39320373535156,0.0,RoadOption.LANEFOLLOW
232.41470336914062,-32.76317596435547,0.0,0.0,91.39320373535156,0.0,RoadOption.LANEFOLLOW
232.390380859375,-31.763473510742188,0.0,0.0,91.39320373535156,0.0,RoadOption.LANEFOLLOW
232.36607360839844,-30.763763427734375,0.0,0.0,91.39320373535156,0.0,RoadOption.LANEFOLLOW
232.3417510986328,-29.764060974121094,0.0,0.0,91.39320373535156,0.0,RoadOption.LANEFOLLOW
232.31744384765625,-28.764358520507812,0.0,0.0,91.39320373535156,0.0,RoadOption.LANEFOLLOW
232.29312133789062,-27.7646484375,0.0,0.0,91.39320373535156,0.0,RoadOption.LANEFOLLOW
232.26881408691406,-26.76494598388672,0.0,0.0,91.39320373535156,0.0,RoadOption.LANEFOLLOW
232.2445068359375,-25.765243530273438,0.0,0.0,91.39320373535156,0.0,RoadOption.LANEFOLLOW
232.22018432617188,-24.765541076660156,0.0,0.0,91.39320373535156,0.0,RoadOption.LANEFOLLOW
232.1958770751953,-23.765830993652344,0.0,0.0,91.39320373535156,0.0,RoadOption.LANEFOLLOW
232.1715545654297,-22.766128540039062,0.0,0.0,91.39320373535156,0.0,RoadOption.LANEFOLLOW
232.14724731445312,-21.76642608642578,0.0,0.0,91.39320373535156,0.0,RoadOption.LANEFOLLOW
232.1229248046875,-20.7667236328125,0.0,0.0,91.39320373535156,0.0,RoadOption.LANEFOLLOW
232.09861755371094,-19.767013549804688,0.0,0.0,91.39320373535156,0.0,RoadOption.LANEFOLLOW
232.07431030273438,-18.767311096191406,0.0,0.0,91.39320373535156,0.0,RoadOption.LANEFOLLOW
232.03562927246094,-17.177289962768555,0.0,0.0,-268.60675048828125,0.0,RoadOption.LANEFOLLOW
232.03562927246094,-17.177289962768555,0.0,0.0,-268.60675048828125,0.0,RoadOption.RIGHT
232.01132202148438,-16.17758560180664,0.0,0.0,-268.60675048828125,0.0,RoadOption.RIGHT
231.98699951171875,-15.177881240844727,0.0,0.0,-268.60675048828125,0.0,RoadOption.RIGHT
231.9626922607422,-14.178176879882812,0.0,0.0,-268.60675048828125,0.0,RoadOption.RIGHT
231.93836975097656,-13.178472518920898,0.0,0.0,-268.60675048828125,0.0,RoadOption.RIGHT
231.9140625,-12.178768157958984,0.0,0.0,-268.60675048828125,0.0,RoadOption.RIGHT
231.88973999023438,-11.17906379699707,0.0,0.0,-268.60675048828125,0.0,RoadOption.RIGHT
231.8654327392578,-10.179359436035156,0.0,0.0,-268.60675048828125,0.0,RoadOption.RIGHT
231.84112548828125,-9.179655075073242,0.0,0.0,-268.60675048828125,0.0,RoadOption.RIGHT
231.7849884033203,-8.442848205566406,0.0,0.0,-260.0892333984375,0.0,RoadOption.RIGHT
231.60879516601562,-7.8034257888793945,0.0,0.0,-249.09747314453125,0.0,RoadOption.RIGHT
231.31390380859375,-7.209328651428223,0.0,0.0,-238.10574340820312,0.0,RoadOption.RIGHT
230.91114807128906,-6.682358741760254,0.0,0.0,-227.1139678955078,0.0,RoadOption.RIGHT
230.41529846191406,-6.241847515106201,0.0,0.0,-216.12220764160156,0.0,RoadOption.RIGHT
229.76318359375,-5.828597068786621,0.0,0.0,-208.67529296875,0.0,RoadOption.RIGHT
229.06187438964844,-5.5018696784973145,0.0,0.0,-201.28363037109375,0.0,RoadOption.RIGHT
